gender,listening_preference,participant_id,city_state
male,daily,1,"Greenville, TX"
prefer not to say,occasionally,2,"Greenville, NY"
female,never,3,"Springfield, CA"
female,never,4,"Midvale, FL"
male,never,5,"Midvale, TX"
male,occasionally,6,"Riverside, NY"
male,never,7,"Riverside, NY"
female,never,8,"Midvale, CA"
female,daily,9,"Midvale, NY"
female,occasionally,10,"Midvale, NY"
male,daily,11,"Greenville, CA"
prefer not to say,never,12,"Greenville, TX"
female,never,13,"Midvale, TX"
male,daily,14,"Midvale, IL"
male,never,15,"Riverside, NY"
male,never,16,"Midvale, NY"
male,daily,17,"Greenville, NY"
female,occasionally,18,"Greenville, TX"
male,never,19,"Greenville, CA"
male,daily,20,"Springfield, CA"
female,never,21,"Midvale, FL"
male,daily,22,"Midvale, IL"
male,never,23,"Midvale, TX"
male,never,24,"Springfield, IL"
female,never,25,"Springfield, FL"
female,occasionally,26,"Greenville, NY"
male,never,27,"Fairview, FL"
female,never,28,"Midvale, TX"
female,daily,29,"Fairview, NY"
male,never,30,"Midvale, FL"
female,daily,31,"Springfield, IL"
male,occasionally,32,"Greenville, CA"
male,daily,33,"Greenville, TX"
prefer not to say,daily,34,"Greenville, IL"
prefer not to say,daily,35,"Springfield, NY"
female,never,36,"Greenville, IL"
male,occasionally,37,"Riverside, CA"
male,never,38,"Riverside, CA"
female,daily,39,"Fairview, CA"
male,daily,40,"Fairview, TX"
male,occasionally,41,"Springfield, FL"
female,never,42,"Springfield, IL"
male,daily,43,"Greenville, FL"
prefer not to say,occasionally,44,"Fairview, FL"
male,never,45,"Greenville, FL"
female,occasionally,46,"Springfield, FL"
male,daily,47,"Fairview, CA"
female,daily,48,"Riverside, IL"
female,never,49,"Greenville, FL"
male,daily,50,"Springfield, NY"
prefer not to say,never,51,"Springfield, IL"
female,occasionally,52,"Springfield, NY"
prefer not to say,never,53,"Midvale, TX"
female,never,54,"Springfield, TX"
female,never,55,"Greenville, FL"
prefer not to say,occasionally,56,"Midvale, CA"
male,never,57,"Midvale, CA"
male,occasionally,58,"Springfield, TX"
male,occasionally,59,"Midvale, CA"
male,occasionally,60,"Fairview, NY"
male,never,61,"Fairview, TX"
male,never,62,"Springfield, IL"
female,never,63,"Greenville, IL"
male,occasionally,64,"Fairview, CA"
male,occasionally,65,"Midvale, TX"
female,never,66,"Fairview, CA"
male,daily,67,"Riverside, TX"
female,daily,68,"Riverside, NY"
male,occasionally,69,"Greenville, CA"
prefer not to say,daily,70,"Riverside, CA"
female,daily,71,"Greenville, CA"
male,daily,72,"Fairview, NY"
male,daily,73,"Springfield, FL"
female,daily,74,"Springfield, NY"
female,never,75,"Greenville, IL"
female,occasionally,76,"Riverside, TX"
female,occasionally,77,"Fairview, IL"
male,never,78,"Greenville, NY"
male,daily,79,"Fairview, IL"
male,never,80,"Fairview, IL"
female,never,81,"Springfield, FL"
female,daily,82,"Springfield, IL"
male,occasionally,83,"Midvale, FL"
male,never,84,"Greenville, IL"
male,never,85,"Fairview, IL"
male,occasionally,86,"Riverside, IL"
female,occasionally,87,"Riverside, IL"
female,daily,88,"Fairview, NY"
female,never,89,"Springfield, NY"
female,daily,90,"Fairview, NY"
male,never,91,"Greenville, IL"
female,occasionally,92,"Fairview, FL"
female,occasionally,93,"Greenville, CA"
female,occasionally,94,"Fairview, NY"
female,daily,95,"Riverside, CA"
female,daily,96,"Greenville, TX"
female,daily,97,"Springfield, IL"
male,daily,98,"Fairview, NY"
male,never,99,"Fairview, FL"
male,occasionally,100,"Fairview, FL"
male,daily,101,"Fairview, FL"
female,never,102,"Riverside, IL"
male,never,103,"Midvale, FL"
female,never,104,"Riverside, FL"
prefer not to say,never,105,"Springfield, NY"
male,daily,106,"Springfield, NY"
male,occasionally,107,"Midvale, CA"
female,never,108,"Midvale, NY"
male,never,109,"Midvale, CA"
male,daily,110,"Springfield, FL"
male,never,111,"Fairview, NY"
male,daily,112,"Riverside, FL"
prefer not to say,daily,113,"Fairview, CA"
female,occasionally,114,"Greenville, IL"
female,occasionally,115,"Midvale, TX"
female,occasionally,116,"Fairview, NY"
female,daily,117,"Springfield, TX"
male,never,118,"Greenville, CA"
female,daily,119,"Springfield, FL"
female,daily,120,"Fairview, FL"
female,never,121,"Fairview, NY"
female,never,122,"Midvale, FL"
male,never,123,"Greenville, FL"
male,never,124,"Fairview, IL"
male,occasionally,125,"Midvale, FL"
male,occasionally,126,"Riverside, FL"
female,daily,127,"Springfield, IL"
female,occasionally,128,"Springfield, IL"
male,occasionally,129,"Riverside, FL"
female,daily,130,"Midvale, FL"
male,never,131,"Greenville, FL"
male,occasionally,132,"Springfield, FL"
male,daily,133,"Riverside, CA"
male,daily,134,"Midvale, FL"
prefer not to say,never,135,"Fairview, IL"
male,daily,136,"Springfield, TX"
female,never,137,"Riverside, IL"
female,occasionally,138,"Springfield, FL"
male,occasionally,139,"Springfield, FL"
prefer not to say,occasionally,140,"Greenville, FL"
prefer not to say,never,141,"Riverside, FL"
male,occasionally,142,"Riverside, IL"
female,never,143,"Greenville, CA"
male,occasionally,144,"Riverside, NY"
male,daily,145,"Fairview, TX"
male,never,146,"Fairview, FL"
female,never,147,"Fairview, NY"
female,occasionally,148,"Midvale, IL"
male,never,149,"Springfield, TX"
male,never,150,"Greenville, NY"
prefer not to say,never,151,"Springfield, IL"
male,never,152,"Springfield, TX"
male,never,153,"Riverside, CA"
female,never,154,"Greenville, TX"
prefer not to say,occasionally,155,"Fairview, IL"
male,never,156,"Greenville, CA"
female,daily,157,"Midvale, TX"
female,never,158,"Springfield, IL"
male,never,159,"Springfield, IL"
female,daily,160,"Riverside, IL"
male,never,161,"Greenville, IL"
female,daily,162,"Midvale, IL"
female,occasionally,163,"Fairview, TX"
female,never,164,"Springfield, FL"
male,daily,165,"Springfield, TX"
female,never,166,"Fairview, NY"
male,never,167,"Greenville, TX"
male,occasionally,168,"Springfield, CA"
male,daily,169,"Greenville, IL"
female,daily,170,"Riverside, FL"
female,occasionally,171,"Springfield, IL"
male,never,172,"Springfield, IL"
female,occasionally,173,"Fairview, CA"
male,daily,174,"Fairview, CA"
female,occasionally,175,"Midvale, NY"
male,occasionally,176,"Fairview, IL"
female,never,177,"Midvale, CA"
male,daily,178,"Fairview, CA"
prefer not to say,never,179,"Springfield, CA"
male,occasionally,180,"Riverside, NY"
male,never,181,"Greenville, TX"
male,occasionally,182,"Midvale, FL"
prefer not to say,occasionally,183,"Midvale, CA"
female,never,184,"Riverside, TX"
male,daily,185,"Springfield, NY"
female,never,186,"Riverside, TX"
female,never,187,"Fairview, TX"
female,daily,188,"Springfield, IL"
female,daily,189,"Fairview, IL"
male,never,190,"Springfield, IL"
male,daily,191,"Midvale, IL"
female,occasionally,192,"Fairview, CA"
prefer not to say,occasionally,193,"Fairview, FL"
female,occasionally,194,"Fairview, TX"
male,daily,195,"Fairview, NY"
male,never,196,"Midvale, TX"
female,never,197,"Fairview, TX"
female,never,198,"Springfield, NY"
female,never,199,"Springfield, NY"
female,daily,200,"Fairview, FL"
female,never,201,"Greenville, IL"
male,daily,202,"Fairview, CA"
male,daily,203,"Midvale, NY"
female,daily,204,"Fairview, FL"
female,occasionally,205,"Midvale, NY"
male,never,206,"Midvale, CA"
male,never,207,"Springfield, CA"
female,occasionally,208,"Midvale, CA"
male,daily,209,"Riverside, FL"
male,never,210,"Greenville, FL"
female,occasionally,211,"Riverside, IL"
female,occasionally,212,"Midvale, CA"
female,daily,213,"Fairview, TX"
male,never,214,"Springfield, TX"
female,never,215,"Fairview, CA"
male,daily,216,"Springfield, FL"
male,daily,217,"Midvale, CA"
female,never,218,"Riverside, TX"
female,occasionally,219,"Midvale, TX"
female,daily,220,"Greenville, CA"
female,never,221,"Riverside, IL"
female,daily,222,"Greenville, IL"
male,occasionally,223,"Springfield, FL"
male,never,224,"Springfield, FL"
male,occasionally,225,"Greenville, IL"
male,occasionally,226,"Riverside, FL"
prefer not to say,occasionally,227,"Greenville, TX"
male,daily,228,"Riverside, CA"
female,never,229,"Riverside, TX"
female,occasionally,230,"Midvale, CA"
female,never,231,"Springfield, FL"
female,daily,232,"Riverside, IL"
female,daily,233,"Riverside, TX"
female,daily,234,"Greenville, NY"
male,occasionally,235,"Midvale, TX"
female,occasionally,236,"Fairview, TX"
male,never,237,"Greenville, CA"
male,occasionally,238,"Greenville, NY"
female,never,239,"Springfield, NY"
male,daily,240,"Springfield, IL"
prefer not to say,never,241,"Fairview, FL"
prefer not to say,never,242,"Fairview, IL"
prefer not to say,never,243,"Springfield, TX"
male,never,244,"Greenville, NY"
male,never,245,"Midvale, TX"
prefer not to say,occasionally,246,"Springfield, NY"
male,daily,247,"Greenville, FL"
prefer not to say,daily,248,"Springfield, IL"
prefer not to say,never,249,"Greenville, TX"
female,occasionally,250,"Fairview, CA"
male,never,251,"Greenville, TX"
male,occasionally,252,"Midvale, FL"
female,daily,253,"Greenville, TX"
male,daily,254,"Springfield, CA"
male,never,255,"Springfield, FL"
female,occasionally,256,"Fairview, TX"
prefer not to say,daily,257,"Midvale, CA"
female,occasionally,258,"Springfield, IL"
female,daily,259,"Riverside, TX"
male,occasionally,260,"Fairview, TX"
female,daily,261,"Riverside, IL"
prefer not to say,never,262,"Riverside, CA"
male,daily,263,"Springfield, TX"
female,occasionally,264,"Midvale, TX"
female,daily,265,"Midvale, NY"
female,daily,266,"Springfield, FL"
female,occasionally,267,"Riverside, CA"
female,occasionally,268,"Midvale, TX"
male,occasionally,269,"Fairview, TX"
male,daily,270,"Riverside, TX"
female,never,271,"Greenville, CA"
female,never,272,"Riverside, TX"
female,never,273,"Springfield, FL"
prefer not to say,daily,274,"Fairview, CA"
female,occasionally,275,"Greenville, FL"
female,daily,276,"Greenville, CA"
female,daily,277,"Greenville, CA"
female,never,278,"Springfield, IL"
female,daily,279,"Springfield, TX"
female,occasionally,280,"Springfield, NY"
female,occasionally,281,"Springfield, NY"
male,never,282,"Springfield, CA"
male,occasionally,283,"Greenville, TX"
male,daily,284,"Fairview, FL"
female,daily,285,"Greenville, IL"
male,occasionally,286,"Fairview, IL"
female,daily,287,"Fairview, IL"
female,occasionally,288,"Springfield, TX"
male,daily,289,"Fairview, NY"
female,daily,290,"Greenville, IL"
male,occasionally,291,"Fairview, CA"
male,daily,292,"Springfield, CA"
female,occasionally,293,"Greenville, NY"
male,never,294,"Fairview, FL"
male,never,295,"Riverside, FL"
female,daily,296,"Riverside, CA"
female,daily,297,"Greenville, FL"
male,daily,298,"Riverside, IL"
female,occasionally,299,"Midvale, TX"
male,never,300,"Riverside, TX"
male,daily,301,"Springfield, TX"
female,never,302,"Fairview, NY"
female,daily,303,"Springfield, TX"
female,occasionally,304,"Greenville, FL"
female,never,305,"Fairview, CA"
prefer not to say,never,306,"Fairview, FL"
female,never,307,"Springfield, NY"
male,never,308,"Springfield, NY"
female,occasionally,309,"Springfield, FL"
male,never,310,"Midvale, CA"
male,daily,311,"Fairview, FL"
male,never,312,"Riverside, NY"
male,occasionally,313,"Greenville, NY"
prefer not to say,never,314,"Greenville, CA"
female,occasionally,315,"Springfield, CA"
female,occasionally,316,"Fairview, TX"
male,occasionally,317,"Greenville, NY"
male,never,318,"Riverside, CA"
male,daily,319,"Midvale, TX"
male,daily,320,"Fairview, CA"
female,daily,321,"Fairview, CA"
female,daily,322,"Greenville, NY"
female,never,323,"Midvale, NY"
male,daily,324,"Riverside, IL"
prefer not to say,never,325,"Fairview, FL"
female,occasionally,326,"Fairview, NY"
female,daily,327,"Springfield, NY"
female,never,328,"Fairview, NY"
male,occasionally,329,"Springfield, IL"
male,occasionally,330,"Fairview, NY"
male,occasionally,331,"Fairview, IL"
female,never,332,"Riverside, NY"
male,daily,333,"Fairview, TX"
male,never,334,"Springfield, IL"
male,never,335,"Springfield, NY"
male,occasionally,336,"Fairview, NY"
female,daily,337,"Riverside, FL"
female,never,338,"Midvale, NY"
female,daily,339,"Fairview, NY"
male,daily,340,"Midvale, TX"
female,daily,341,"Riverside, IL"
female,occasionally,342,"Greenville, NY"
male,never,343,"Fairview, NY"
male,never,344,"Riverside, FL"
male,never,345,"Greenville, FL"
female,occasionally,346,"Midvale, NY"
female,occasionally,347,"Midvale, IL"
male,occasionally,348,"Midvale, IL"
male,never,349,"Midvale, IL"
female,daily,350,"Midvale, FL"
female,never,351,"Fairview, IL"
female,occasionally,352,"Greenville, IL"
female,occasionally,353,"Springfield, FL"
male,never,354,"Greenville, CA"
male,occasionally,355,"Fairview, IL"
female,never,356,"Greenville, CA"
male,never,357,"Midvale, TX"
female,occasionally,358,"Greenville, FL"
prefer not to say,daily,359,"Fairview, NY"
female,occasionally,360,"Riverside, TX"
male,never,361,"Springfield, TX"
female,daily,362,"Fairview, CA"
female,occasionally,363,"Springfield, FL"
female,occasionally,364,"Midvale, CA"
prefer not to say,never,365,"Riverside, NY"
male,daily,366,"Fairview, IL"
prefer not to say,never,367,"Fairview, TX"
prefer not to say,never,368,"Greenville, CA"
male,daily,369,"Riverside, TX"
male,daily,370,"Greenville, FL"
male,never,371,"Fairview, NY"
male,daily,372,"Springfield, TX"
male,never,373,"Fairview, IL"
female,occasionally,374,"Midvale, FL"
male,daily,375,"Springfield, NY"
male,never,376,"Springfield, TX"
female,occasionally,377,"Fairview, FL"
male,occasionally,378,"Riverside, IL"
female,occasionally,379,"Riverside, TX"
male,occasionally,380,"Greenville, NY"
male,daily,381,"Riverside, IL"
female,occasionally,382,"Fairview, NY"
female,never,383,"Greenville, TX"
female,daily,384,"Greenville, IL"
female,occasionally,385,"Riverside, TX"
female,daily,386,"Riverside, CA"
male,never,387,"Springfield, TX"
male,daily,388,"Greenville, NY"
female,never,389,"Riverside, TX"
female,occasionally,390,"Fairview, CA"
prefer not to say,daily,391,"Midvale, TX"
male,daily,392,"Midvale, TX"
male,daily,393,"Greenville, IL"
female,occasionally,394,"Springfield, CA"
male,occasionally,395,"Midvale, TX"
prefer not to say,never,396,"Riverside, CA"
female,occasionally,397,"Riverside, NY"
male,daily,398,"Fairview, FL"
female,occasionally,399,"Fairview, CA"
female,never,400,"Riverside, TX"
male,daily,401,"Fairview, TX"
prefer not to say,daily,402,"Springfield, FL"
female,daily,403,"Fairview, CA"
female,never,404,"Riverside, IL"
male,occasionally,405,"Springfield, IL"
female,occasionally,406,"Fairview, TX"
male,never,407,"Springfield, IL"
male,never,408,"Fairview, NY"
prefer not to say,occasionally,409,"Midvale, FL"
male,never,410,"Fairview, IL"
male,daily,411,"Fairview, IL"
prefer not to say,daily,412,"Riverside, IL"
prefer not to say,daily,413,"Fairview, NY"
female,daily,414,"Springfield, FL"
female,occasionally,415,"Fairview, TX"
male,never,416,"Fairview, NY"
male,daily,417,"Springfield, IL"
male,daily,418,"Springfield, NY"
female,occasionally,419,"Fairview, FL"
female,never,420,"Fairview, IL"
female,daily,421,"Midvale, TX"
female,occasionally,422,"Midvale, CA"
male,daily,423,"Riverside, TX"
female,daily,424,"Greenville, CA"
male,never,425,"Fairview, CA"
female,never,426,"Greenville, TX"
male,daily,427,"Greenville, FL"
female,never,428,"Greenville, FL"
male,occasionally,429,"Fairview, FL"
male,never,430,"Fairview, TX"
male,occasionally,431,"Riverside, TX"
female,occasionally,432,"Midvale, NY"
female,occasionally,433,"Riverside, TX"
male,occasionally,434,"Greenville, IL"
male,daily,435,"Riverside, TX"
female,daily,436,"Greenville, TX"
male,daily,437,"Fairview, NY"
female,never,438,"Riverside, CA"
female,daily,439,"Greenville, IL"
male,never,440,"Greenville, FL"
male,never,441,"Fairview, NY"
prefer not to say,daily,442,"Greenville, CA"
male,never,443,"Greenville, TX"
male,occasionally,444,"Fairview, NY"
female,never,445,"Midvale, NY"
prefer not to say,daily,446,"Greenville, CA"
prefer not to say,never,447,"Riverside, FL"
female,never,448,"Riverside, TX"
male,never,449,"Greenville, IL"
male,never,450,"Greenville, IL"
female,occasionally,451,"Greenville, IL"
female,occasionally,452,"Springfield, FL"
male,never,453,"Greenville, FL"
prefer not to say,occasionally,454,"Greenville, NY"
male,daily,455,"Greenville, TX"
female,never,456,"Springfield, NY"
male,never,457,"Riverside, TX"
female,never,458,"Greenville, CA"
male,daily,459,"Riverside, CA"
male,occasionally,460,"Riverside, IL"
male,occasionally,461,"Riverside, NY"
female,occasionally,462,"Midvale, IL"
female,daily,463,"Fairview, TX"
female,occasionally,464,"Greenville, TX"
prefer not to say,never,465,"Greenville, TX"
male,daily,466,"Midvale, TX"
male,never,467,"Riverside, IL"
female,occasionally,468,"Springfield, CA"
male,never,469,"Greenville, FL"
prefer not to say,never,470,"Fairview, FL"
male,occasionally,471,"Springfield, IL"
prefer not to say,never,472,"Greenville, FL"
male,never,473,"Midvale, TX"
female,occasionally,474,"Riverside, NY"
female,daily,475,"Fairview, NY"
prefer not to say,occasionally,476,"Springfield, NY"
male,never,477,"Fairview, NY"
female,never,478,"Greenville, FL"
prefer not to say,never,479,"Springfield, IL"
female,occasionally,480,"Greenville, TX"
female,never,481,"Midvale, FL"
female,daily,482,"Springfield, TX"
female,occasionally,483,"Springfield, NY"
female,daily,484,"Greenville, CA"
female,daily,485,"Greenville, TX"
prefer not to say,occasionally,486,"Riverside, TX"
male,occasionally,487,"Riverside, NY"
male,never,488,"Greenville, TX"
prefer not to say,occasionally,489,"Fairview, CA"
female,occasionally,490,"Fairview, CA"
female,daily,491,"Midvale, FL"
female,occasionally,492,"Midvale, TX"
male,daily,493,"Fairview, CA"
male,daily,494,"Riverside, CA"
female,occasionally,495,"Midvale, CA"
male,occasionally,496,"Riverside, TX"
female,occasionally,497,"Springfield, FL"
male,occasionally,498,"Midvale, TX"
prefer not to say,occasionally,499,"Springfield, NY"
prefer not to say,never,500,"Fairview, CA"
female,occasionally,501,"Greenville, FL"
female,occasionally,502,"Riverside, NY"
male,daily,503,"Riverside, FL"
female,occasionally,504,"Springfield, TX"
female,occasionally,505,"Springfield, TX"
male,occasionally,506,"Riverside, CA"
prefer not to say,occasionally,507,"Riverside, IL"
female,occasionally,508,"Riverside, NY"
prefer not to say,occasionally,509,"Fairview, IL"
female,never,510,"Riverside, NY"
female,never,511,"Greenville, IL"
male,never,512,"Springfield, TX"
prefer not to say,never,513,"Greenville, IL"
female,daily,514,"Midvale, IL"
male,daily,515,"Fairview, NY"
male,daily,516,"Riverside, NY"
male,occasionally,517,"Riverside, FL"
female,never,518,"Greenville, NY"
prefer not to say,daily,519,"Springfield, NY"
male,never,520,"Greenville, NY"
female,daily,521,"Midvale, TX"
male,never,522,"Fairview, IL"
prefer not to say,occasionally,523,"Fairview, TX"
female,daily,524,"Springfield, IL"
female,occasionally,525,"Greenville, TX"
female,daily,526,"Fairview, TX"
male,daily,527,"Midvale, NY"
male,daily,528,"Midvale, IL"
male,never,529,"Springfield, NY"
female,occasionally,530,"Springfield, IL"
female,daily,531,"Greenville, CA"
prefer not to say,occasionally,532,"Springfield, CA"
prefer not to say,never,533,"Greenville, TX"
female,daily,534,"Springfield, NY"
female,occasionally,535,"Greenville, FL"
prefer not to say,daily,536,"Midvale, NY"
female,daily,537,"Fairview, CA"
male,never,538,"Greenville, CA"
female,daily,539,"Greenville, FL"
male,occasionally,540,"Springfield, NY"
prefer not to say,never,541,"Fairview, NY"
female,daily,542,"Fairview, CA"
male,occasionally,543,"Springfield, TX"
female,daily,544,"Midvale, IL"
female,never,545,"Riverside, NY"
male,occasionally,546,"Riverside, CA"
male,never,547,"Riverside, IL"
female,occasionally,548,"Greenville, TX"
female,daily,549,"Springfield, IL"
female,occasionally,550,"Midvale, CA"
female,never,551,"Springfield, IL"
female,occasionally,552,"Midvale, TX"
female,never,553,"Greenville, FL"
female,never,554,"Springfield, FL"
female,daily,555,"Springfield, IL"
male,daily,556,"Greenville, NY"
male,occasionally,557,"Riverside, NY"
male,occasionally,558,"Greenville, TX"
female,never,559,"Greenville, FL"
female,never,560,"Greenville, IL"
female,occasionally,561,"Springfield, CA"
male,daily,562,"Springfield, IL"
male,never,563,"Fairview, FL"
male,daily,564,"Midvale, TX"
male,never,565,"Fairview, FL"
female,occasionally,566,"Riverside, CA"
male,occasionally,567,"Springfield, FL"
male,daily,568,"Fairview, NY"
prefer not to say,occasionally,569,"Midvale, CA"
male,occasionally,570,"Greenville, TX"
female,occasionally,571,"Greenville, FL"
female,daily,572,"Springfield, NY"
male,never,573,"Greenville, NY"
female,never,574,"Springfield, IL"
female,daily,575,"Riverside, NY"
prefer not to say,daily,576,"Greenville, CA"
male,daily,577,"Riverside, FL"
prefer not to say,occasionally,578,"Greenville, TX"
female,occasionally,579,"Fairview, CA"
male,occasionally,580,"Midvale, NY"
female,daily,581,"Fairview, CA"
prefer not to say,occasionally,582,"Midvale, FL"
female,occasionally,583,"Springfield, CA"
male,occasionally,584,"Riverside, CA"
female,never,585,"Riverside, NY"
male,daily,586,"Greenville, FL"
male,never,587,"Midvale, FL"
male,occasionally,588,"Greenville, NY"
male,occasionally,589,"Riverside, CA"
male,never,590,"Greenville, CA"
male,never,591,"Greenville, CA"
female,never,592,"Fairview, FL"
male,daily,593,"Midvale, NY"
male,daily,594,"Fairview, FL"
female,never,595,"Riverside, TX"
female,occasionally,596,"Midvale, CA"
female,daily,597,"Greenville, TX"
male,daily,598,"Riverside, TX"
male,daily,599,"Riverside, TX"
male,never,600,"Riverside, FL"
male,daily,601,"Springfield, FL"
male,daily,602,"Springfield, FL"
male,daily,603,"Midvale, TX"
male,occasionally,604,"Greenville, NY"
male,daily,605,"Riverside, NY"
female,occasionally,606,"Springfield, NY"
male,daily,607,"Riverside, TX"
male,never,608,"Midvale, NY"
female,daily,609,"Greenville, NY"
female,occasionally,610,"Springfield, CA"
male,never,611,"Springfield, NY"
female,occasionally,612,"Fairview, IL"
female,occasionally,613,"Riverside, TX"
male,daily,614,"Fairview, NY"
female,occasionally,615,"Riverside, TX"
prefer not to say,occasionally,616,"Fairview, TX"
male,never,617,"Riverside, TX"
male,occasionally,618,"Springfield, NY"
female,occasionally,619,"Springfield, FL"
female,never,620,"Riverside, FL"
male,occasionally,621,"Fairview, TX"
male,daily,622,"Greenville, TX"
male,occasionally,623,"Midvale, TX"
female,never,624,"Riverside, TX"
female,daily,625,"Greenville, TX"
male,never,626,"Midvale, FL"
female,daily,627,"Fairview, FL"
female,occasionally,628,"Midvale, IL"
male,daily,629,"Riverside, IL"
male,occasionally,630,"Springfield, IL"
female,never,631,"Fairview, NY"
female,occasionally,632,"Fairview, CA"
female,occasionally,633,"Riverside, FL"
female,never,634,"Greenville, TX"
male,never,635,"Springfield, FL"
male,daily,636,"Greenville, FL"
female,occasionally,637,"Greenville, NY"
male,daily,638,"Midvale, FL"
male,never,639,"Midvale, NY"
male,never,640,"Springfield, IL"
male,occasionally,641,"Midvale, NY"
male,never,642,"Springfield, IL"
male,occasionally,643,"Riverside, IL"
male,occasionally,644,"Midvale, CA"
male,daily,645,"Riverside, CA"
female,never,646,"Midvale, CA"
female,daily,647,"Springfield, TX"
female,never,648,"Springfield, IL"
female,never,649,"Riverside, TX"
female,never,650,"Riverside, NY"
male,daily,651,"Midvale, FL"
female,daily,652,"Fairview, FL"
female,daily,653,"Midvale, FL"
female,occasionally,654,"Riverside, TX"
male,daily,655,"Riverside, IL"
male,never,656,"Riverside, IL"
male,occasionally,657,"Springfield, CA"
male,daily,658,"Greenville, IL"
female,occasionally,659,"Riverside, IL"
female,occasionally,660,"Fairview, CA"
male,occasionally,661,"Springfield, IL"
prefer not to say,occasionally,662,"Midvale, FL"
female,never,663,"Greenville, TX"
male,occasionally,664,"Midvale, IL"
male,never,665,"Fairview, TX"
male,never,666,"Riverside, TX"
male,daily,667,"Midvale, FL"
male,never,668,"Greenville, IL"
male,daily,669,"Fairview, CA"
male,never,670,"Riverside, CA"
male,occasionally,671,"Fairview, TX"
female,never,672,"Springfield, NY"
male,never,673,"Springfield, IL"
female,never,674,"Midvale, IL"
male,never,675,"Midvale, TX"
prefer not to say,daily,676,"Riverside, CA"
male,daily,677,"Riverside, CA"
male,occasionally,678,"Greenville, IL"
prefer not to say,daily,679,"Springfield, NY"
female,never,680,"Springfield, TX"
female,occasionally,681,"Greenville, TX"
male,never,682,"Greenville, IL"
male,occasionally,683,"Midvale, TX"
female,never,684,"Fairview, FL"
prefer not to say,daily,685,"Riverside, TX"
female,never,686,"Springfield, FL"
female,never,687,"Fairview, NY"
male,occasionally,688,"Fairview, IL"
female,occasionally,689,"Springfield, FL"
male,never,690,"Greenville, NY"
male,daily,691,"Greenville, IL"
male,occasionally,692,"Riverside, IL"
female,occasionally,693,"Midvale, TX"
male,daily,694,"Greenville, FL"
male,occasionally,695,"Fairview, TX"
female,daily,696,"Greenville, FL"
male,daily,697,"Greenville, NY"
female,daily,698,"Fairview, IL"
male,never,699,"Fairview, FL"
female,occasionally,700,"Springfield, IL"
female,never,701,"Greenville, TX"
male,occasionally,702,"Midvale, NY"
male,daily,703,"Midvale, IL"
male,occasionally,704,"Riverside, FL"
male,occasionally,705,"Springfield, TX"
prefer not to say,daily,706,"Midvale, FL"
male,occasionally,707,"Springfield, IL"
female,daily,708,"Fairview, FL"
male,occasionally,709,"Riverside, FL"
female,occasionally,710,"Fairview, FL"
female,daily,711,"Springfield, FL"
female,daily,712,"Midvale, NY"
female,never,713,"Springfield, CA"
male,occasionally,714,"Midvale, NY"
male,daily,715,"Midvale, FL"
prefer not to say,never,716,"Fairview, TX"
female,daily,717,"Riverside, IL"
prefer not to say,never,718,"Fairview, IL"
male,never,719,"Springfield, TX"
female,daily,720,"Fairview, NY"
prefer not to say,daily,721,"Greenville, TX"
male,daily,722,"Fairview, NY"
male,daily,723,"Riverside, IL"
female,daily,724,"Springfield, CA"
female,never,725,"Midvale, TX"
female,daily,726,"Greenville, TX"
male,occasionally,727,"Greenville, IL"
female,never,728,"Greenville, TX"
male,never,729,"Riverside, TX"
male,occasionally,730,"Greenville, FL"
male,daily,731,"Springfield, IL"
female,occasionally,732,"Midvale, NY"
female,occasionally,733,"Greenville, FL"
female,occasionally,734,"Greenville, TX"
male,daily,735,"Midvale, TX"
female,never,736,"Fairview, FL"
male,occasionally,737,"Springfield, FL"
female,daily,738,"Springfield, IL"
male,occasionally,739,"Greenville, FL"
male,occasionally,740,"Greenville, NY"
female,never,741,"Fairview, TX"
male,never,742,"Springfield, IL"
female,never,743,"Springfield, TX"
female,daily,744,"Fairview, IL"
male,occasionally,745,"Riverside, NY"
female,occasionally,746,"Greenville, IL"
male,daily,747,"Springfield, IL"
female,daily,748,"Riverside, IL"
prefer not to say,never,749,"Springfield, CA"
female,daily,750,"Springfield, CA"
male,occasionally,751,"Midvale, IL"
prefer not to say,daily,752,"Fairview, IL"
female,daily,753,"Midvale, CA"
male,daily,754,"Midvale, NY"
male,never,755,"Riverside, IL"
female,never,756,"Greenville, TX"
female,never,757,"Fairview, NY"
female,occasionally,758,"Springfield, FL"
female,daily,759,"Fairview, TX"
female,occasionally,760,"Springfield, CA"
male,occasionally,761,"Greenville, FL"
male,never,762,"Springfield, TX"
male,daily,763,"Fairview, NY"
female,occasionally,764,"Springfield, IL"
male,daily,765,"Midvale, IL"
female,daily,766,"Fairview, IL"
female,never,767,"Fairview, TX"
female,occasionally,768,"Fairview, TX"
male,occasionally,769,"Fairview, NY"
female,occasionally,770,"Greenville, NY"
male,occasionally,771,"Riverside, CA"
female,never,772,"Springfield, CA"
male,never,773,"Midvale, CA"
male,never,774,"Greenville, NY"
female,never,775,"Greenville, CA"
male,daily,776,"Midvale, FL"
male,never,777,"Riverside, IL"
female,occasionally,778,"Fairview, IL"
female,daily,779,"Springfield, TX"
female,never,780,"Midvale, NY"
female,daily,781,"Riverside, FL"
female,never,782,"Springfield, FL"
male,occasionally,783,"Springfield, TX"
male,occasionally,784,"Midvale, CA"
male,occasionally,785,"Fairview, FL"
prefer not to say,never,786,"Riverside, FL"
female,occasionally,787,"Greenville, FL"
male,occasionally,788,"Greenville, TX"
female,daily,789,"Midvale, TX"
prefer not to say,occasionally,790,"Fairview, CA"
male,daily,791,"Fairview, TX"
female,never,792,"Midvale, FL"
female,occasionally,793,"Riverside, CA"
female,never,794,"Fairview, CA"
male,daily,795,"Greenville, TX"
female,daily,796,"Springfield, NY"
prefer not to say,never,797,"Riverside, TX"
female,daily,798,"Greenville, NY"
female,daily,799,"Riverside, IL"
prefer not to say,daily,800,"Springfield, NY"
female,never,801,"Midvale, NY"
male,never,802,"Springfield, CA"
female,occasionally,803,"Fairview, FL"
female,daily,804,"Springfield, IL"
male,occasionally,805,"Midvale, FL"
female,never,806,"Greenville, NY"
prefer not to say,occasionally,807,"Greenville, IL"
prefer not to say,daily,808,"Riverside, NY"
female,daily,809,"Riverside, NY"
male,daily,810,"Riverside, IL"
prefer not to say,occasionally,811,"Fairview, TX"
female,never,812,"Springfield, TX"
male,daily,813,"Fairview, IL"
prefer not to say,daily,814,"Riverside, NY"
female,daily,815,"Greenville, TX"
female,never,816,"Greenville, CA"
female,daily,817,"Riverside, FL"
male,never,818,"Springfield, CA"
male,occasionally,819,"Greenville, TX"
male,occasionally,820,"Riverside, FL"
female,daily,821,"Springfield, FL"
male,daily,822,"Fairview, TX"
male,occasionally,823,"Midvale, NY"
male,never,824,"Fairview, FL"
female,occasionally,825,"Springfield, FL"
prefer not to say,occasionally,826,"Midvale, IL"
male,daily,827,"Fairview, NY"
male,never,828,"Riverside, IL"
female,never,829,"Riverside, FL"
female,daily,830,"Greenville, CA"
male,never,831,"Fairview, TX"
female,occasionally,832,"Fairview, FL"
male,occasionally,833,"Springfield, IL"
male,never,834,"Greenville, TX"
female,never,835,"Springfield, CA"
male,occasionally,836,"Springfield, NY"
prefer not to say,daily,837,"Riverside, TX"
male,occasionally,838,"Springfield, CA"
female,never,839,"Greenville, IL"
female,daily,840,"Fairview, CA"
male,occasionally,841,"Fairview, IL"
female,occasionally,842,"Greenville, NY"
male,occasionally,843,"Fairview, TX"
prefer not to say,occasionally,844,"Springfield, CA"
male,never,845,"Riverside, FL"
male,daily,846,"Midvale, FL"
male,daily,847,"Fairview, TX"
prefer not to say,daily,848,"Greenville, TX"
female,never,849,"Fairview, TX"
female,occasionally,850,"Riverside, TX"
male,daily,851,"Springfield, CA"
female,never,852,"Greenville, NY"
male,never,853,"Springfield, NY"
female,never,854,"Riverside, IL"
male,never,855,"Riverside, TX"
male,daily,856,"Riverside, IL"
male,never,857,"Greenville, IL"
female,occasionally,858,"Springfield, TX"
female,never,859,"Springfield, FL"
male,never,860,"Fairview, NY"
female,never,861,"Greenville, FL"
female,occasionally,862,"Fairview, CA"
female,daily,863,"Greenville, CA"
male,occasionally,864,"Fairview, TX"
male,never,865,"Midvale, NY"
female,never,866,"Springfield, FL"
male,daily,867,"Greenville, NY"
male,daily,868,"Midvale, CA"
female,daily,869,"Fairview, IL"
prefer not to say,never,870,"Springfield, NY"
male,never,871,"Riverside, TX"
male,daily,872,"Fairview, IL"
female,occasionally,873,"Greenville, TX"
male,never,874,"Fairview, NY"
male,never,875,"Fairview, FL"
male,occasionally,876,"Springfield, TX"
female,occasionally,877,"Greenville, FL"
female,occasionally,878,"Greenville, FL"
male,daily,879,"Fairview, CA"
male,occasionally,880,"Greenville, FL"
male,never,881,"Riverside, TX"
female,never,882,"Springfield, TX"
male,occasionally,883,"Riverside, CA"
male,never,884,"Riverside, TX"
female,daily,885,"Midvale, TX"
male,occasionally,886,"Fairview, TX"
female,daily,887,"Greenville, NY"
male,daily,888,"Riverside, NY"
male,never,889,"Greenville, FL"
male,never,890,"Fairview, FL"
female,daily,891,"Greenville, NY"
female,occasionally,892,"Fairview, CA"
female,never,893,"Springfield, FL"
male,daily,894,"Riverside, CA"
female,occasionally,895,"Midvale, IL"
male,never,896,"Midvale, FL"
male,occasionally,897,"Midvale, TX"
female,daily,898,"Midvale, FL"
male,occasionally,899,"Fairview, TX"
male,never,900,"Greenville, NY"
male,occasionally,901,"Springfield, CA"
male,daily,902,"Midvale, IL"
male,never,903,"Midvale, CA"
female,daily,904,"Fairview, NY"
male,never,905,"Greenville, TX"
female,daily,906,"Riverside, IL"
female,never,907,"Greenville, CA"
male,occasionally,908,"Fairview, IL"
male,daily,909,"Greenville, NY"
male,daily,910,"Springfield, FL"
female,daily,911,"Springfield, FL"
male,never,912,"Fairview, TX"
female,never,913,"Greenville, TX"
male,occasionally,914,"Greenville, CA"
female,occasionally,915,"Fairview, CA"
male,never,916,"Springfield, TX"
male,never,917,"Springfield, TX"
prefer not to say,occasionally,918,"Fairview, TX"
female,occasionally,919,"Midvale, CA"
male,occasionally,920,"Riverside, TX"
female,never,921,"Springfield, IL"
female,daily,922,"Fairview, TX"
female,occasionally,923,"Riverside, FL"
female,occasionally,924,"Midvale, TX"
male,never,925,"Springfield, IL"
male,daily,926,"Greenville, CA"
male,occasionally,927,"Fairview, IL"
female,occasionally,928,"Midvale, CA"
female,occasionally,929,"Riverside, TX"
male,daily,930,"Springfield, IL"
male,occasionally,931,"Fairview, FL"
female,occasionally,932,"Fairview, TX"
prefer not to say,occasionally,933,"Midvale, FL"
female,occasionally,934,"Fairview, FL"
male,never,935,"Springfield, FL"
male,never,936,"Midvale, TX"
male,daily,937,"Springfield, NY"
prefer not to say,never,938,"Riverside, IL"
male,occasionally,939,"Midvale, FL"
female,daily,940,"Springfield, NY"
male,daily,941,"Greenville, CA"
female,occasionally,942,"Midvale, NY"
female,never,943,"Greenville, TX"
female,never,944,"Riverside, IL"
male,never,945,"Springfield, TX"
male,occasionally,946,"Greenville, IL"
male,occasionally,947,"Midvale, NY"
prefer not to say,daily,948,"Midvale, TX"
female,daily,949,"Greenville, FL"
female,occasionally,950,"Riverside, TX"
female,daily,951,"Springfield, FL"
female,daily,952,"Fairview, CA"
male,occasionally,953,"Midvale, TX"
prefer not to say,never,954,"Fairview, FL"
male,never,955,"Fairview, IL"
male,never,956,"Midvale, TX"
female,occasionally,957,"Springfield, CA"
male,occasionally,958,"Greenville, FL"
male,occasionally,959,"Fairview, TX"
female,never,960,"Springfield, IL"
male,daily,961,"Springfield, CA"
female,occasionally,962,"Greenville, FL"
male,never,963,"Fairview, FL"
male,occasionally,964,"Riverside, NY"
male,occasionally,965,"Riverside, IL"
male,occasionally,966,"Springfield, FL"
female,daily,967,"Fairview, NY"
male,occasionally,968,"Midvale, NY"
female,occasionally,969,"Riverside, TX"
female,daily,970,"Greenville, CA"
female,daily,971,"Greenville, FL"
prefer not to say,never,972,"Greenville, FL"
female,daily,973,"Midvale, CA"
male,occasionally,974,"Fairview, CA"
male,daily,975,"Greenville, FL"
male,never,976,"Riverside, NY"
female,daily,977,"Midvale, CA"
male,occasionally,978,"Fairview, CA"
female,never,979,"Midvale, FL"
female,never,980,"Fairview, IL"
male,daily,981,"Greenville, TX"
female,never,982,"Greenville, NY"
male,occasionally,983,"Greenville, IL"
male,occasionally,984,"Greenville, NY"
female,daily,985,"Greenville, NY"
female,daily,986,"Fairview, CA"
female,never,987,"Fairview, CA"
male,occasionally,988,"Fairview, CA"
male,occasionally,989,"Springfield, FL"
female,never,990,"Springfield, CA"
female,never,991,"Midvale, IL"
female,daily,992,"Greenville, FL"
male,occasionally,993,"Riverside, CA"
female,daily,994,"Springfield, FL"
male,never,995,"Midvale, NY"
male,occasionally,996,"Greenville, TX"
prefer not to say,never,997,"Greenville, CA"
male,daily,998,"Midvale, NY"
prefer not to say,daily,999,"Greenville, NY"
male,daily,1000,"Greenville, CA"
