"","game_id","date","home","away","play_id","half","time_remaining_half","secs_remaining","secs_remaining_absolute","description","action_team","home_score","away_score","score_diff","play_length","scoring_play","foul","win_prob","naive_win_prob","home_time_out_remaining","away_time_out_remaining","home_favored_by","total_line","referees","arena_location","arena","capacity","attendance","shot_x","shot_y","shot_team","shot_outcome","shooter","assist","three_pt","free_throw","possession_before","possession_after","wrong_time"
"1",401724410,2025-02-05,"Richmond","Duquesne",1,1,"19:45",2385,2385,"Eli Wilborn missed Jumper.","away",0,0,0,0,FALSE,FALSE,0.401198122577597,0.5,4,4,-2.5,128.5,"Jeff Clark/Eric Lewis/Jeff  Pon","Richmond, VA","Robins Center",NA,5680,NA,NA,"Duquesne","missed","Eli Wilborn",NA,FALSE,FALSE,"Duquesne","Duquesne",FALSE
"2",401724410,2025-02-05,"Richmond","Duquesne",2,1,"19:43",2383,2383,"Eli Wilborn Offensive Rebound.","away",0,0,0,2,FALSE,FALSE,0.401217606639508,0.5,4,4,-2.5,128.5,"Jeff Clark/Eric Lewis/Jeff  Pon","Richmond, VA","Robins Center",NA,5680,NA,NA,NA,NA,NA,NA,NA,NA,"Duquesne","Duquesne",FALSE
"3",401724410,2025-02-05,"Richmond","Duquesne",3,1,"19:43",2383,2383,"Foul on Mikkel Tyne.","home",0,0,0,0,FALSE,TRUE,0.401217606639508,0.5,4,4,-2.5,128.5,"Jeff Clark/Eric Lewis/Jeff  Pon","Richmond, VA","Robins Center",NA,5680,NA,NA,NA,NA,NA,NA,NA,NA,"Duquesne","Duquesne",FALSE
"4",401724410,2025-02-05,"Richmond","Duquesne",4,1,"19:43",2383,2383,"Eli Wilborn made Free Throw.","away",0,1,-1,0,TRUE,FALSE,0.380035642947153,0.477764018188962,4,4,-2.5,128.5,"Jeff Clark/Eric Lewis/Jeff  Pon","Richmond, VA","Robins Center",NA,5680,NA,NA,"Duquesne","made","Eli Wilborn",NA,FALSE,TRUE,"Duquesne","Duquesne",FALSE
"5",401724410,2025-02-05,"Richmond","Duquesne",5,1,"19:43",2383,2383,"Eli Wilborn Turnover.","away",0,1,-1,0,FALSE,FALSE,0.380035642947153,0.477764018188962,4,4,-2.5,128.5,"Jeff Clark/Eric Lewis/Jeff  Pon","Richmond, VA","Robins Center",NA,5680,NA,NA,NA,NA,NA,NA,NA,NA,"Duquesne","Richmond",FALSE
"6",401724410,2025-02-05,"Richmond","Duquesne",6,1,"19:23",2363,2363,"Mikkel Tyne Turnover.","home",0,1,-1,20,FALSE,FALSE,0.38002669652579,0.477549511732503,4,4,-2.5,128.5,"Jeff Clark/Eric Lewis/Jeff  Pon","Richmond, VA","Robins Center",NA,5680,NA,NA,NA,NA,NA,NA,NA,NA,"Richmond","Duquesne",FALSE
"7",401724410,2025-02-05,"Richmond","Duquesne",7,1,"18:57",2337,2337,"Jakub Necas missed Jumper.","away",0,1,-1,26,FALSE,FALSE,0.380018233497426,0.477266570135727,4,4,-2.5,128.5,"Jeff Clark/Eric Lewis/Jeff  Pon","Richmond, VA","Robins Center",NA,5680,NA,NA,"Duquesne","missed","Jakub Necas",NA,FALSE,FALSE,"Duquesne","Richmond",FALSE
"8",401724410,2025-02-05,"Richmond","Duquesne",8,1,"18:57",2337,2337,"Jason Roche Defensive Rebound.","home",0,1,-1,0,FALSE,FALSE,0.380018233497426,0.477266570135727,4,4,-2.5,128.5,"Jeff Clark/Eric Lewis/Jeff  Pon","Richmond, VA","Robins Center",NA,5680,NA,NA,NA,NA,NA,NA,NA,NA,"Duquesne","Richmond",FALSE
"9",401724410,2025-02-05,"Richmond","Duquesne",9,1,"18:57",2337,2337,"Foul on Eli Wilborn.","away",0,1,-1,0,FALSE,TRUE,0.380018233497426,0.477266570135727,4,4,-2.5,128.5,"Jeff Clark/Eric Lewis/Jeff  Pon","Richmond, VA","Robins Center",NA,5680,NA,NA,NA,NA,NA,NA,NA,NA,"Richmond","Richmond",FALSE
"10",401724410,2025-02-05,"Richmond","Duquesne",10,1,"18:34",2314,2314,"Foul on Cam Crawford.","away",0,1,-1,23,FALSE,TRUE,0.380014260417839,0.477012769592244,4,4,-2.5,128.5,"Jeff Clark/Eric Lewis/Jeff  Pon","Richmond, VA","Robins Center",NA,5680,NA,NA,NA,NA,NA,NA,NA,NA,"Richmond","Richmond",FALSE
"11",401724410,2025-02-05,"Richmond","Duquesne",11,1,"18:34",2314,2314,"Mike Walz made Free Throw.","home",1,1,0,0,TRUE,FALSE,0.40191941090377,0.5,4,4,-2.5,128.5,"Jeff Clark/Eric Lewis/Jeff  Pon","Richmond, VA","Robins Center",NA,5680,NA,NA,"Richmond","made","Mike Walz",NA,FALSE,TRUE,"Richmond","Richmond",FALSE
"12",401724410,2025-02-05,"Richmond","Duquesne",12,1,"18:34",2314,2314,"Mike Walz made Free Throw.","home",2,1,1,0,TRUE,FALSE,0.424223255989903,0.522987230407756,4,4,-2.5,128.5,"Jeff Clark/Eric Lewis/Jeff  Pon","Richmond, VA","Robins Center",NA,5680,NA,NA,"Richmond","made","Mike Walz",NA,FALSE,TRUE,"Richmond","Duquesne",FALSE
"13",401724410,2025-02-05,"Richmond","Duquesne",13,1,"18:19",2299,2299,"Foul on Dusan Neskovic.","home",2,1,1,15,FALSE,TRUE,0.424549991602401,0.52315436552785,4,4,-2.5,128.5,"Jeff Clark/Eric Lewis/Jeff  Pon","Richmond, VA","Robins Center",NA,5680,NA,NA,NA,NA,NA,NA,NA,NA,"Duquesne","Duquesne",FALSE
"14",401724410,2025-02-05,"Richmond","Duquesne",14,1,"18:09",2289,2289,"MatÃºÅ¡ HronskÃ½ missed Three Point Jumper.","away",2,1,1,10,FALSE,FALSE,0.424770146089852,0.523266443710475,4,4,-2.5,128.5,"Jeff Clark/Eric Lewis/Jeff  Pon","Richmond, VA","Robins Center",NA,5680,NA,NA,"Duquesne","missed","MatÃºÅ¡ HronskÃ½",NA,TRUE,FALSE,"Duquesne","Duquesne",FALSE
"15",401724410,2025-02-05,"Richmond","Duquesne",15,1,"18:06",2286,2286,"Eli Wilborn Offensive Rebound.","away",2,1,1,3,FALSE,FALSE,0.424836554478126,0.523300164514087,4,4,-2.5,128.5,"Jeff Clark/Eric Lewis/Jeff  Pon","Richmond, VA","Robins Center",NA,5680,NA,NA,NA,NA,NA,NA,NA,NA,"Duquesne","Duquesne",FALSE
"16",401724410,2025-02-05,"Richmond","Duquesne",16,1,"17:54",2274,2274,"Tre Dinkins Turnover.","away",2,1,1,12,FALSE,FALSE,0.425103852587097,0.523435477271786,4,4,-2.5,128.5,"Jeff Clark/Eric Lewis/Jeff  Pon","Richmond, VA","Robins Center",NA,5680,NA,NA,NA,NA,NA,NA,NA,NA,"Duquesne","Richmond",FALSE
"17",401724410,2025-02-05,"Richmond","Duquesne",17,1,"17:54",2274,2274,"Mike Walz Steal.","home",2,1,1,0,FALSE,FALSE,0.425103852587097,0.523435477271786,4,4,-2.5,128.5,"Jeff Clark/Eric Lewis/Jeff  Pon","Richmond, VA","Robins Center",NA,5680,NA,NA,NA,NA,NA,NA,NA,NA,"Duquesne","Richmond",FALSE
"18",401724410,2025-02-05,"Richmond","Duquesne",18,1,"17:38",2258,2258,"Foul on MatÃºÅ¡ HronskÃ½.","away",2,1,1,16,FALSE,TRUE,0.425464373178155,0.523616902391023,4,4,-2.5,128.5,"Jeff Clark/Eric Lewis/Jeff  Pon","Richmond, VA","Robins Center",NA,5680,NA,NA,NA,NA,NA,NA,NA,NA,"Richmond","Richmond",FALSE
"19",401724410,2025-02-05,"Richmond","Duquesne",19,1,"17:38",2258,2258,"Dusan Neskovic made Free Throw.","home",3,1,2,0,TRUE,FALSE,0.448720204142736,0.547128659220402,4,4,-2.5,128.5,"Jeff Clark/Eric Lewis/Jeff  Pon","Richmond, VA","Robins Center",NA,5680,NA,NA,"Richmond","made","Dusan Neskovic",NA,FALSE,TRUE,"Richmond","Richmond",FALSE
"20",401724410,2025-02-05,"Richmond","Duquesne",20,1,"17:38",2258,2258,"Dusan Neskovic made Free Throw.","home",4,1,3,0,TRUE,FALSE,0.47220244741312,0.570431989114465,4,4,-2.5,128.5,"Jeff Clark/Eric Lewis/Jeff  Pon","Richmond, VA","Robins Center",NA,5680,NA,NA,"Richmond","made","Dusan Neskovic",NA,FALSE,TRUE,"Richmond","Duquesne",FALSE
"21",401724410,2025-02-05,"Richmond","Duquesne",21,1,"17:26",2246,2246,"Eli Wilborn missed Layup.","away",4,1,3,12,FALSE,FALSE,0.472754571919315,0.570835003142388,4,4,-2.5,128.5,"Jeff Clark/Eric Lewis/Jeff  Pon","Richmond, VA","Robins Center",NA,5680,NA,NA,"Duquesne","missed","Eli Wilborn",NA,FALSE,FALSE,"Duquesne","Richmond",FALSE
"22",401724410,2025-02-05,"Richmond","Duquesne",22,1,"17:23",2243,2243,"B. Artis White Defensive Rebound.","home",4,1,3,3,FALSE,FALSE,0.4728931993188,0.570936000652559,4,4,-2.5,128.5,"Jeff Clark/Eric Lewis/Jeff  Pon","Richmond, VA","Robins Center",NA,5680,NA,NA,NA,NA,NA,NA,NA,NA,"Duquesne","Richmond",FALSE
"23",401724410,2025-02-05,"Richmond","Duquesne",23,1,"17:10",2230,2230,"Collin Tanner made Layup.","home",6,1,5,13,TRUE,FALSE,0.521369080639184,0.61753617059535,4,4,-2.5,128.5,"Jeff Clark/Eric Lewis/Jeff  Pon","Richmond, VA","Robins Center",NA,5680,NA,NA,"Richmond","made","Collin Tanner",NA,FALSE,FALSE,"Richmond","Duquesne",FALSE
"24",401724410,2025-02-05,"Richmond","Duquesne",24,1,"16:52",2212,2212,"Tre Dinkins missed Three Point Jumper.","away",6,1,5,18,FALSE,FALSE,0.522626683634208,0.618516355501956,4,4,-2.5,128.5,"Jeff Clark/Eric Lewis/Jeff  Pon","Richmond, VA","Robins Center",NA,5680,NA,NA,"Duquesne","missed","Tre Dinkins",NA,TRUE,FALSE,"Duquesne","Duquesne",FALSE
"25",401724410,2025-02-05,"Richmond","Duquesne",25,1,"16:49",2209,2209,"Jakub Necas Offensive Rebound.","away",6,1,5,3,FALSE,FALSE,0.522837207830318,0.61868008195515,4,4,-2.5,128.5,"Jeff Clark/Eric Lewis/Jeff  Pon","Richmond, VA","Robins Center",NA,5680,NA,NA,NA,NA,NA,NA,NA,NA,"Duquesne","Duquesne",FALSE
"26",401724410,2025-02-05,"Richmond","Duquesne",26,1,"16:46",2206,2206,"Cam Crawford missed Three Point Jumper.","away",6,1,5,3,FALSE,FALSE,0.52304798740761,0.61884390271134,4,4,-2.5,128.5,"Jeff Clark/Eric Lewis/Jeff  Pon","Richmond, VA","Robins Center",NA,5680,NA,NA,"Duquesne","missed","Cam Crawford",NA,TRUE,FALSE,"Duquesne","Duquesne",FALSE
"27",401724410,2025-02-05,"Richmond","Duquesne",27,1,"16:39",2199,2199,"Jakub Necas Offensive Rebound.","away",6,1,5,7,FALSE,FALSE,0.523540781595651,0.619226498501237,4,4,-2.5,128.5,"Jeff Clark/Eric Lewis/Jeff  Pon","Richmond, VA","Robins Center",NA,5680,NA,NA,NA,NA,NA,NA,NA,NA,"Duquesne","Duquesne",FALSE
"28",401724410,2025-02-05,"Richmond","Duquesne",28,1,"16:38",2198,2198,"Jakub Necas made Layup.","away",6,3,3,1,TRUE,FALSE,0.474999892195712,0.572460982071201,4,4,-2.5,128.5,"Jeff Clark/Eric Lewis/Jeff  Pon","Richmond, VA","Robins Center",NA,5680,NA,NA,"Duquesne","made","Jakub Necas",NA,FALSE,FALSE,"Duquesne","Richmond",FALSE
"29",401724410,2025-02-05,"Richmond","Duquesne",29,1,"16:16",2176,2176,"Mike Walz missed Three Point Jumper.","home",6,3,3,22,FALSE,FALSE,0.476047380450706,0.573212019178119,4,4,-2.5,128.5,"Jeff Clark/Eric Lewis/Jeff  Pon","Richmond, VA","Robins Center",NA,5680,NA,NA,"Richmond","missed","Mike Walz",NA,TRUE,FALSE,"Richmond","Duquesne",FALSE
"30",401724410,2025-02-05,"Richmond","Duquesne",30,1,"16:15",2175,2175,"Duquesne Defensive Rebound.","away",6,3,3,1,FALSE,FALSE,0.476095251184783,0.573246222523048,4,4,-2.5,128.5,"Jeff Clark/Eric Lewis/Jeff  Pon","Richmond, VA","Robins Center",NA,5680,NA,NA,NA,NA,NA,NA,NA,NA,"Richmond","Duquesne",FALSE
"31",401724410,2025-02-05,"Richmond","Duquesne",31,1,"16:04",2164,2164,"MatÃºÅ¡ HronskÃ½ missed Three Point Jumper.","away",6,3,3,11,FALSE,FALSE,0.476623350923358,0.573622881654717,4,4,-2.5,128.5,"Jeff Clark/Eric Lewis/Jeff  Pon","Richmond, VA","Robins Center",NA,5680,NA,NA,"Duquesne","missed","MatÃºÅ¡ HronskÃ½",NA,TRUE,FALSE,"Duquesne","Richmond",FALSE
"32",401724410,2025-02-05,"Richmond","Duquesne",32,1,"16:02",2162,2162,"Apostolos Roumoglou Defensive Rebound.","home",6,3,3,2,FALSE,FALSE,0.47671970291036,0.573691488596405,4,4,-2.5,128.5,"Jeff Clark/Eric Lewis/Jeff  Pon","Richmond, VA","Robins Center",NA,5680,NA,NA,NA,NA,NA,NA,NA,NA,"Duquesne","Richmond",FALSE
"33",401724410,2025-02-05,"Richmond","Duquesne",33,1,"15:44",2144,2144,"Jonathan Beagle Turnover.","home",6,3,3,18,FALSE,FALSE,0.477591709079194,0.574310922843878,4,4,-2.5,128.5,"Jeff Clark/Eric Lewis/Jeff  Pon","Richmond, VA","Robins Center",NA,5680,NA,NA,NA,NA,NA,NA,NA,NA,"Richmond","Duquesne",FALSE
"34",401724410,2025-02-05,"Richmond","Duquesne",34,1,"15:44",2144,2144,"Jahsean Corbett Steal.","away",6,3,3,0,FALSE,FALSE,0.477591709079194,0.574310922843878,4,4,-2.5,128.5,"Jeff Clark/Eric Lewis/Jeff  Pon","Richmond, VA","Robins Center",NA,5680,NA,NA,NA,NA,NA,NA,NA,NA,"Richmond","Duquesne",FALSE
"35",401724410,2025-02-05,"Richmond","Duquesne",35,1,"15:32",2132,2132,"David Dixon missed Layup.","away",6,3,3,12,FALSE,FALSE,0.478177957591535,0.574725945295351,4,4,-2.5,128.5,"Jeff Clark/Eric Lewis/Jeff  Pon","Richmond, VA","Robins Center",NA,5680,NA,NA,"Duquesne","missed","David Dixon",NA,FALSE,FALSE,"Duquesne","Richmond",FALSE
"36",401724410,2025-02-05,"Richmond","Duquesne",36,1,"15:29",2129,2129,"Collin Tanner Defensive Rebound.","home",6,3,3,3,FALSE,FALSE,0.478325142981892,0.57482997136638,4,4,-2.5,128.5,"Jeff Clark/Eric Lewis/Jeff  Pon","Richmond, VA","Robins Center",NA,5680,NA,NA,NA,NA,NA,NA,NA,NA,"Duquesne","Richmond",FALSE
"37",401724410,2025-02-05,"Richmond","Duquesne",37,1,"15:11",2111,2111,"Jonathan Beagle made Jumper.","home",8,3,5,18,TRUE,FALSE,0.529857544909076,0.624083067730305,4,4,-2.5,128.5,"Jeff Clark/Eric Lewis/Jeff  Pon","Richmond, VA","Robins Center",NA,5680,NA,NA,"Richmond","made","Jonathan Beagle",NA,FALSE,FALSE,"Richmond","Duquesne",FALSE
"38",401724410,2025-02-05,"Richmond","Duquesne",38,1,"14:52",2092,2092,"Tre Dinkins made Three Point Jumper.","away",8,6,2,19,TRUE,FALSE,0.454702553331047,0.550968310762782,4,4,-2.5,128.5,"Jeff Clark/Eric Lewis/Jeff  Pon","Richmond, VA","Robins Center",NA,5680,NA,NA,"Duquesne","made","Tre Dinkins",NA,TRUE,FALSE,"Duquesne","Richmond",FALSE
"39",401724410,2025-02-05,"Richmond","Duquesne",39,1,"14:34",2074,2074,"B. Artis White Turnover.","home",8,6,2,18,FALSE,FALSE,0.455389097260747,0.551397658772927,4,4,-2.5,128.5,"Jeff Clark/Eric Lewis/Jeff  Pon","Richmond, VA","Robins Center",NA,5680,NA,NA,NA,NA,NA,NA,NA,NA,"Richmond","Duquesne",FALSE
"40",401724410,2025-02-05,"Richmond","Duquesne",40,1,"14:34",2074,2074,"Cam Crawford Steal.","away",8,6,2,0,FALSE,FALSE,0.455389097260747,0.551397658772927,4,4,-2.5,128.5,"Jeff Clark/Eric Lewis/Jeff  Pon","Richmond, VA","Robins Center",NA,5680,NA,NA,NA,NA,NA,NA,NA,NA,"Richmond","Duquesne",FALSE
"41",401724410,2025-02-05,"Richmond","Duquesne",41,1,"14:27",2067,2067,"Tre Dinkins missed Three Point Jumper.","away",8,6,2,7,FALSE,FALSE,0.455658232559101,0.551565529684193,4,4,-2.5,128.5,"Jeff Clark/Eric Lewis/Jeff  Pon","Richmond, VA","Robins Center",NA,5680,NA,NA,"Duquesne","missed","Tre Dinkins",NA,TRUE,FALSE,"Duquesne","Richmond",FALSE
"42",401724410,2025-02-05,"Richmond","Duquesne",42,1,"14:19",2059,2059,"Jason Roche Defensive Rebound.","home",8,6,2,8,FALSE,FALSE,0.45596730143825,0.551758022937975,4,4,-2.5,128.5,"Jeff Clark/Eric Lewis/Jeff  Pon","Richmond, VA","Robins Center",NA,5680,NA,NA,NA,NA,NA,NA,NA,NA,"Duquesne","Richmond",FALSE
"43",401724410,2025-02-05,"Richmond","Duquesne",43,1,"14:10",2050,2050,"Jonathan Beagle made Jumper.","home",10,6,4,9,TRUE,FALSE,0.508368325970428,0.60283956939799,4,4,-2.5,128.5,"Jeff Clark/Eric Lewis/Jeff  Pon","Richmond, VA","Robins Center",NA,5680,NA,NA,"Richmond","made","Jonathan Beagle",NA,FALSE,FALSE,"Richmond","Duquesne",FALSE
"44",401724410,2025-02-05,"Richmond","Duquesne",44,1,"13:53",2033,2033,"MatÃºÅ¡ HronskÃ½ missed Three Point Jumper.","away",10,6,4,17,FALSE,FALSE,0.509456644069778,0.603639319869906,4,4,-2.5,128.5,"Jeff Clark/Eric Lewis/Jeff  Pon","Richmond, VA","Robins Center",NA,5680,NA,NA,"Duquesne","missed","MatÃºÅ¡ HronskÃ½",NA,TRUE,FALSE,"Duquesne","Richmond",FALSE
"45",401724410,2025-02-05,"Richmond","Duquesne",45,1,"13:50",2030,2030,"B. Artis White Defensive Rebound.","home",10,6,4,3,FALSE,FALSE,0.509649802722773,0.603781085756762,4,4,-2.5,128.5,"Jeff Clark/Eric Lewis/Jeff  Pon","Richmond, VA","Robins Center",NA,5680,NA,NA,NA,NA,NA,NA,NA,NA,"Duquesne","Richmond",FALSE
"46",401724410,2025-02-05,"Richmond","Duquesne",46,1,"13:25",2005,2005,"Collin Tanner made Layup.","home",12,6,6,25,TRUE,FALSE,0.564195480039472,0.654601287117268,4,4,-2.5,128.5,"Jeff Clark/Eric Lewis/Jeff  Pon","Richmond, VA","Robins Center",NA,5680,NA,NA,"Richmond","made","Collin Tanner",NA,FALSE,FALSE,"Richmond","Duquesne",FALSE
"47",401724410,2025-02-05,"Richmond","Duquesne",47,1,"13:09",1989,1989,"Cam Crawford missed Layup.","away",12,6,6,16,FALSE,FALSE,0.565624844895823,0.655691519586584,4,4,-2.5,128.5,"Jeff Clark/Eric Lewis/Jeff  Pon","Richmond, VA","Robins Center",NA,5680,NA,NA,"Duquesne","missed","Cam Crawford",NA,FALSE,FALSE,"Duquesne","Richmond",FALSE
"48",401724410,2025-02-05,"Richmond","Duquesne",48,1,"13:09",1989,1989,"Jason Roche Block.","home",12,6,6,0,FALSE,FALSE,0.565624844895823,0.655691519586584,4,4,-2.5,128.5,"Jeff Clark/Eric Lewis/Jeff  Pon","Richmond, VA","Robins Center",NA,5680,NA,NA,NA,NA,NA,NA,NA,NA,"Duquesne","Richmond",FALSE
"49",401724410,2025-02-05,"Richmond","Duquesne",49,1,"13:06",1986,1986,"Jason Roche Defensive Rebound.","home",12,6,6,3,FALSE,FALSE,0.565894216301259,0.655896802254462,4,4,-2.5,128.5,"Jeff Clark/Eric Lewis/Jeff  Pon","Richmond, VA","Robins Center",NA,5680,NA,NA,NA,NA,NA,NA,NA,NA,"Duquesne","Richmond",FALSE
"50",401724410,2025-02-05,"Richmond","Duquesne",50,1,"12:52",1972,1972,"Foul on Cam Crawford.","away",12,6,6,14,FALSE,TRUE,0.567157082316098,0.656858500804043,4,4,-2.5,128.5,"Jeff Clark/Eric Lewis/Jeff  Pon","Richmond, VA","Robins Center",NA,5680,NA,NA,NA,NA,NA,NA,NA,NA,"Richmond","Richmond",FALSE
"51",401724410,2025-02-05,"Richmond","Duquesne",51,1,"12:52",1972,1972,"Official TV Timeout",NA,12,6,6,0,FALSE,FALSE,0.567157082316098,0.656858500804043,4,4,-2.5,128.5,"Jeff Clark/Eric Lewis/Jeff  Pon","Richmond, VA","Robins Center",NA,5680,NA,NA,NA,NA,NA,NA,NA,NA,"Richmond","Richmond",FALSE
"52",401724410,2025-02-05,"Richmond","Duquesne",52,1,"12:32",1952,1952,"Apostolos Roumoglou made Three Point Jumper.","home",15,6,9,20,TRUE,FALSE,0.646895480740375,0.727745337681215,4,4,-2.5,128.5,"Jeff Clark/Eric Lewis/Jeff  Pon","Richmond, VA","Robins Center",NA,5680,NA,NA,"Richmond","made","Apostolos Roumoglou",NA,TRUE,FALSE,"Richmond","Duquesne",FALSE
"53",401724410,2025-02-05,"Richmond","Duquesne",53,1,"12:04",1924,1924,"Kareem Rozier Turnover.","away",15,6,9,28,FALSE,FALSE,0.650292058083471,0.730331147448205,4,4,-2.5,128.5,"Jeff Clark/Eric Lewis/Jeff  Pon","Richmond, VA","Robins Center",NA,5680,NA,NA,NA,NA,NA,NA,NA,NA,"Duquesne","Richmond",FALSE
"54",401724410,2025-02-05,"Richmond","Duquesne",54,1,"12:04",1924,1924,"Mikkel Tyne Steal.","home",15,6,9,0,FALSE,FALSE,0.650292058083471,0.730331147448205,4,4,-2.5,128.5,"Jeff Clark/Eric Lewis/Jeff  Pon","Richmond, VA","Robins Center",NA,5680,NA,NA,NA,NA,NA,NA,NA,NA,"Duquesne","Richmond",FALSE
"55",401724410,2025-02-05,"Richmond","Duquesne",55,1,"11:55",1915,1915,"Collin Tanner missed Three Point Jumper.","home",15,6,9,9,FALSE,FALSE,0.651386187359219,0.731161900396241,4,4,-2.5,128.5,"Jeff Clark/Eric Lewis/Jeff  Pon","Richmond, VA","Robins Center",NA,5680,NA,NA,"Richmond","missed","Collin Tanner",NA,TRUE,FALSE,"Richmond","Richmond",FALSE
"56",401724410,2025-02-05,"Richmond","Duquesne",56,1,"11:55",1915,1915,"Jonathan Beagle Offensive Rebound.","home",15,6,9,0,FALSE,FALSE,0.651386187359219,0.731161900396241,4,4,-2.5,128.5,"Jeff Clark/Eric Lewis/Jeff  Pon","Richmond, VA","Robins Center",NA,5680,NA,NA,NA,NA,NA,NA,NA,NA,"Richmond","Richmond",FALSE
"57",401724410,2025-02-05,"Richmond","Duquesne",57,1,"11:55",1915,1915,"Jahsean Corbett Block.","away",15,6,9,0,FALSE,FALSE,0.651386187359219,0.731161900396241,4,4,-2.5,128.5,"Jeff Clark/Eric Lewis/Jeff  Pon","Richmond, VA","Robins Center",NA,5680,NA,NA,NA,NA,NA,NA,NA,NA,"Richmond","Richmond",FALSE
"58",401724410,2025-02-05,"Richmond","Duquesne",58,1,"11:48",1908,1908,"Jonathan Beagle Turnover.","home",15,6,9,7,FALSE,FALSE,0.652236258966826,0.731806326975756,4,4,-2.5,128.5,"Jeff Clark/Eric Lewis/Jeff  Pon","Richmond, VA","Robins Center",NA,5680,NA,NA,NA,NA,NA,NA,NA,NA,"Richmond","Duquesne",FALSE
"59",401724410,2025-02-05,"Richmond","Duquesne",59,1,"11:48",1908,1908,"Official TV Timeout",NA,15,6,9,0,FALSE,FALSE,0.652236258966826,0.731806326975756,4,4,-2.5,128.5,"Jeff Clark/Eric Lewis/Jeff  Pon","Richmond, VA","Robins Center",NA,5680,NA,NA,NA,NA,NA,NA,NA,NA,"Richmond","Duquesne",FALSE
"60",401724410,2025-02-05,"Richmond","Duquesne",60,1,"11:40",1900,1900,"Tre Dinkins Turnover.","away",15,6,9,8,FALSE,FALSE,0.653207065275148,0.73254124280046,4,4,-2.5,128.5,"Jeff Clark/Eric Lewis/Jeff  Pon","Richmond, VA","Robins Center",NA,5680,NA,NA,NA,NA,NA,NA,NA,NA,"Duquesne","Richmond",FALSE
"61",401724410,2025-02-05,"Richmond","Duquesne",61,1,"11:40",1900,1900,"Apostolos Roumoglou Steal.","home",15,6,9,0,FALSE,FALSE,0.653207065275148,0.73254124280046,4,4,-2.5,128.5,"Jeff Clark/Eric Lewis/Jeff  Pon","Richmond, VA","Robins Center",NA,5680,NA,NA,NA,NA,NA,NA,NA,NA,"Duquesne","Richmond",FALSE
"62",401724410,2025-02-05,"Richmond","Duquesne",62,1,"11:37",1897,1897,"Ryan Soulis missed Jumper.","home",15,6,9,3,FALSE,FALSE,0.653570981359791,0.732816458438264,4,4,-2.5,128.5,"Jeff Clark/Eric Lewis/Jeff  Pon","Richmond, VA","Robins Center",NA,5680,NA,NA,"Richmond","missed","Ryan Soulis",NA,FALSE,FALSE,"Richmond","Duquesne",FALSE
"63",401724410,2025-02-05,"Richmond","Duquesne",63,1,"11:37",1897,1897,"Jahsean Corbett Defensive Rebound.","away",15,6,9,0,FALSE,FALSE,0.653570981359791,0.732816458438264,4,4,-2.5,128.5,"Jeff Clark/Eric Lewis/Jeff  Pon","Richmond, VA","Robins Center",NA,5680,NA,NA,NA,NA,NA,NA,NA,NA,"Richmond","Duquesne",FALSE
"64",401724410,2025-02-05,"Richmond","Duquesne",64,1,"11:24",1884,1884,"Maximus Edwards missed Three Point Jumper.","away",15,6,9,13,FALSE,FALSE,0.655147571509688,0.734007132571089,4,4,-2.5,128.5,"Jeff Clark/Eric Lewis/Jeff  Pon","Richmond, VA","Robins Center",NA,5680,NA,NA,"Duquesne","missed","Maximus Edwards",NA,TRUE,FALSE,"Duquesne","Richmond",FALSE
"65",401724410,2025-02-05,"Richmond","Duquesne",65,1,"11:24",1884,1884,"Apostolos Roumoglou Defensive Rebound.","home",15,6,9,0,FALSE,FALSE,0.655147571509688,0.734007132571089,4,4,-2.5,128.5,"Jeff Clark/Eric Lewis/Jeff  Pon","Richmond, VA","Robins Center",NA,5680,NA,NA,NA,NA,NA,NA,NA,NA,"Duquesne","Richmond",FALSE
"66",401724410,2025-02-05,"Richmond","Duquesne",66,1,"11:20",1880,1880,"Mikkel Tyne missed Jumper.","home",15,6,9,4,FALSE,FALSE,0.655632682076515,0.734372986888891,4,4,-2.5,128.5,"Jeff Clark/Eric Lewis/Jeff  Pon","Richmond, VA","Robins Center",NA,5680,NA,NA,"Richmond","missed","Mikkel Tyne",NA,FALSE,FALSE,"Richmond","Richmond",FALSE
"67",401724410,2025-02-05,"Richmond","Duquesne",67,1,"11:20",1880,1880,"Ryan Soulis Offensive Rebound.","home",15,6,9,0,FALSE,FALSE,0.655632682076515,0.734372986888891,4,4,-2.5,128.5,"Jeff Clark/Eric Lewis/Jeff  Pon","Richmond, VA","Robins Center",NA,5680,NA,NA,NA,NA,NA,NA,NA,NA,"Richmond","Richmond",FALSE
"68",401724410,2025-02-05,"Richmond","Duquesne",68,1,"11:05",1865,1865,"Foul on Maximus Edwards.","away",15,6,9,15,FALSE,TRUE,0.657452737812879,0.735743634441424,4,4,-2.5,128.5,"Jeff Clark/Eric Lewis/Jeff  Pon","Richmond, VA","Robins Center",NA,5680,NA,NA,NA,NA,NA,NA,NA,NA,"Richmond","Richmond",FALSE
"69",401724410,2025-02-05,"Richmond","Duquesne",69,1,"10:33",1833,1833,"Ryan Soulis made Layup.","home",17,6,11,32,TRUE,FALSE,0.710991761010751,0.780735180292567,4,4,-2.5,128.5,"Jeff Clark/Eric Lewis/Jeff  Pon","Richmond, VA","Robins Center",NA,5680,NA,NA,"Richmond","made","Ryan Soulis",NA,FALSE,FALSE,"Richmond","Duquesne",FALSE
"70",401724410,2025-02-05,"Richmond","Duquesne",70,1,"10:15",1815,1815,"Eli Wilborn missed Layup.","away",17,6,11,18,FALSE,FALSE,0.713401495477421,0.782521705749036,4,4,-2.5,128.5,"Jeff Clark/Eric Lewis/Jeff  Pon","Richmond, VA","Robins Center",NA,5680,NA,NA,"Duquesne","missed","Eli Wilborn",NA,FALSE,FALSE,"Duquesne","Duquesne",FALSE
"71",401724410,2025-02-05,"Richmond","Duquesne",71,1,"10:15",1815,1815,"Ryan Soulis Block.","home",17,6,11,0,FALSE,FALSE,0.713401495477421,0.782521705749036,4,4,-2.5,128.5,"Jeff Clark/Eric Lewis/Jeff  Pon","Richmond, VA","Robins Center",NA,5680,NA,NA,NA,NA,NA,NA,NA,NA,"Duquesne","Duquesne",FALSE
"72",401724410,2025-02-05,"Richmond","Duquesne",72,1,"10:11",1811,1811,"Jahsean Corbett Offensive Rebound.","away",17,6,11,4,FALSE,FALSE,0.713938186162416,0.782919247579891,4,4,-2.5,128.5,"Jeff Clark/Eric Lewis/Jeff  Pon","Richmond, VA","Robins Center",NA,5680,NA,NA,NA,NA,NA,NA,NA,NA,"Duquesne","Duquesne",FALSE
"73",401724410,2025-02-05,"Richmond","Duquesne",73,1,"10:10",1810,1810,"Jahsean Corbett missed Layup.","away",17,6,11,1,FALSE,FALSE,0.714072438132727,0.783018673803866,4,4,-2.5,128.5,"Jeff Clark/Eric Lewis/Jeff  Pon","Richmond, VA","Robins Center",NA,5680,NA,NA,"Duquesne","missed","Jahsean Corbett",NA,FALSE,FALSE,"Duquesne","Duquesne",FALSE
"74",401724410,2025-02-05,"Richmond","Duquesne",74,1,"10:08",1808,1808,"Eli Wilborn Offensive Rebound.","away",17,6,11,2,FALSE,FALSE,0.714341041379575,0.78321757889951,4,4,-2.5,128.5,"Jeff Clark/Eric Lewis/Jeff  Pon","Richmond, VA","Robins Center",NA,5680,NA,NA,NA,NA,NA,NA,NA,NA,"Duquesne","Duquesne",FALSE
"75",401724410,2025-02-05,"Richmond","Duquesne",75,1,"10:07",1807,1807,"Kareem Rozier made Three Point Jumper. Assisted by Eli Wilborn.","away",17,9,8,1,TRUE,FALSE,0.638010119079611,0.718011621670262,4,4,-2.5,128.5,"Jeff Clark/Eric Lewis/Jeff  Pon","Richmond, VA","Robins Center",NA,5680,NA,NA,"Duquesne","made","Kareem Rozier","Eli Wilborn",TRUE,FALSE,"Duquesne","Richmond",FALSE
"76",401724410,2025-02-05,"Richmond","Duquesne",76,1,"9:49",1789,1789,"Mikkel Tyne made Layup.","home",19,9,10,18,TRUE,FALSE,0.692396224457801,0.764572652649754,4,4,-2.5,128.5,"Jeff Clark/Eric Lewis/Jeff  Pon","Richmond, VA","Robins Center",NA,5680,NA,NA,"Richmond","made","Mikkel Tyne",NA,FALSE,FALSE,"Richmond","Duquesne",FALSE
"77",401724410,2025-02-05,"Richmond","Duquesne",77,1,"9:23",1763,1763,"Tre Dinkins missed Three Point Jumper.","away",19,9,10,26,FALSE,FALSE,0.695802647551755,0.767104834766256,4,4,-2.5,128.5,"Jeff Clark/Eric Lewis/Jeff  Pon","Richmond, VA","Robins Center",NA,5680,NA,NA,"Duquesne","missed","Tre Dinkins",NA,TRUE,FALSE,"Duquesne","Duquesne",FALSE
"78",401724410,2025-02-05,"Richmond","Duquesne",78,1,"9:21",1761,1761,"Jahsean Corbett Offensive Rebound.","away",19,9,10,2,FALSE,FALSE,0.696066371298284,0.76730078385639,4,4,-2.5,128.5,"Jeff Clark/Eric Lewis/Jeff  Pon","Richmond, VA","Robins Center",NA,5680,NA,NA,NA,NA,NA,NA,NA,NA,"Duquesne","Duquesne",FALSE
"79",401724410,2025-02-05,"Richmond","Duquesne",79,1,"9:19",1759,1759,"Jahsean Corbett made Layup.","away",19,11,8,2,TRUE,FALSE,0.643603183190674,0.72219681268299,4,4,-2.5,128.5,"Jeff Clark/Eric Lewis/Jeff  Pon","Richmond, VA","Robins Center",NA,5680,NA,NA,"Duquesne","made","Jahsean Corbett",NA,FALSE,FALSE,"Duquesne","Richmond",FALSE
"80",401724410,2025-02-05,"Richmond","Duquesne",80,1,"8:56",1736,1736,"Ryan Soulis made Layup. Assisted by Dusan Neskovic.","home",21,11,10,23,TRUE,FALSE,0.699386508731364,0.769767115075428,4,4,-2.5,128.5,"Jeff Clark/Eric Lewis/Jeff  Pon","Richmond, VA","Robins Center",NA,5680,NA,NA,"Richmond","made","Ryan Soulis","Dusan Neskovic",FALSE,FALSE,"Richmond","Duquesne",FALSE
"81",401724410,2025-02-05,"Richmond","Duquesne",81,1,"8:41",1721,1721,"Foul on Apostolos Roumoglou.","home",21,11,10,15,FALSE,TRUE,0.70140176740272,0.771263998422491,4,4,-2.5,128.5,"Jeff Clark/Eric Lewis/Jeff  Pon","Richmond, VA","Robins Center",NA,5680,NA,NA,NA,NA,NA,NA,NA,NA,"Duquesne","Duquesne",FALSE
"82",401724410,2025-02-05,"Richmond","Duquesne",82,1,"8:33",1713,1713,"Foul on Jack Graham.","home",21,11,10,8,FALSE,TRUE,0.702484439099643,0.772068263713593,4,4,-2.5,128.5,"Jeff Clark/Eric Lewis/Jeff  Pon","Richmond, VA","Robins Center",NA,5680,NA,NA,NA,NA,NA,NA,NA,NA,"Duquesne","Duquesne",FALSE
"83",401724410,2025-02-05,"Richmond","Duquesne",83,1,"8:24",1704,1704,"Jakub Necas missed Three Point Jumper.","away",21,11,10,9,FALSE,FALSE,0.703709398592828,0.772978363761934,4,4,-2.5,128.5,"Jeff Clark/Eric Lewis/Jeff  Pon","Richmond, VA","Robins Center",NA,5680,NA,NA,"Duquesne","missed","Jakub Necas",NA,TRUE,FALSE,"Duquesne","Richmond",FALSE
"84",401724410,2025-02-05,"Richmond","Duquesne",84,1,"8:21",1701,1701,"Mike Walz Defensive Rebound.","home",21,11,10,3,FALSE,FALSE,0.704119414402908,0.773283031881962,4,4,-2.5,128.5,"Jeff Clark/Eric Lewis/Jeff  Pon","Richmond, VA","Robins Center",NA,5680,NA,NA,NA,NA,NA,NA,NA,NA,"Duquesne","Richmond",FALSE
"85",401724410,2025-02-05,"Richmond","Duquesne",85,1,"8:07",1687,1687,"B. Artis White made Layup. Assisted by Apostolos Roumoglou.","home",23,11,12,14,TRUE,FALSE,0.754594099786003,0.814895359252046,4,4,-2.5,128.5,"Jeff Clark/Eric Lewis/Jeff  Pon","Richmond, VA","Robins Center",NA,5680,NA,NA,"Richmond","made","B. Artis White","Apostolos Roumoglou",FALSE,FALSE,"Richmond","Duquesne",FALSE
"86",401724410,2025-02-05,"Richmond","Duquesne",86,1,"7:59",1679,1679,"Maximus Edwards made Layup.","away",23,13,10,8,TRUE,FALSE,0.70713516185045,0.77552196344365,4,4,-2.5,128.5,"Jeff Clark/Eric Lewis/Jeff  Pon","Richmond, VA","Robins Center",NA,5680,NA,NA,"Duquesne","made","Maximus Edwards",NA,FALSE,FALSE,"Duquesne","Richmond",FALSE
"87",401724410,2025-02-05,"Richmond","Duquesne",87,1,"7:33",1653,1653,"Mike Walz Turnover.","home",23,13,10,26,FALSE,FALSE,0.71060837264101,0.778079203927867,4,4,-2.5,128.5,"Jeff Clark/Eric Lewis/Jeff  Pon","Richmond, VA","Robins Center",NA,5680,NA,NA,NA,NA,NA,NA,NA,NA,"Richmond","Duquesne",FALSE
"88",401724410,2025-02-05,"Richmond","Duquesne",88,1,"7:33",1653,1653,"Kareem Rozier Steal.","away",23,13,10,0,FALSE,FALSE,0.71060837264101,0.778079203927867,4,4,-2.5,128.5,"Jeff Clark/Eric Lewis/Jeff  Pon","Richmond, VA","Robins Center",NA,5680,NA,NA,NA,NA,NA,NA,NA,NA,"Richmond","Duquesne",FALSE
"89",401724410,2025-02-05,"Richmond","Duquesne",89,1,"7:26",1646,1646,"Kareem Rozier Turnover.","away",23,13,10,7,FALSE,FALSE,0.711527149409017,0.778751784405964,4,4,-2.5,128.5,"Jeff Clark/Eric Lewis/Jeff  Pon","Richmond, VA","Robins Center",NA,5680,NA,NA,NA,NA,NA,NA,NA,NA,"Duquesne","Richmond",FALSE
"90",401724410,2025-02-05,"Richmond","Duquesne",90,1,"7:26",1646,1646,"Official TV Timeout",NA,23,13,10,0,FALSE,FALSE,0.711527149409017,0.778751784405964,4,4,-2.5,128.5,"Jeff Clark/Eric Lewis/Jeff  Pon","Richmond, VA","Robins Center",NA,5680,NA,NA,NA,NA,NA,NA,NA,NA,"Duquesne","Richmond",FALSE
"91",401724410,2025-02-05,"Richmond","Duquesne",91,1,"7:05",1625,1625,"Richmond  Turnover.","home",23,13,10,21,FALSE,FALSE,0.71425348988527,0.780739547023628,4,4,-2.5,128.5,"Jeff Clark/Eric Lewis/Jeff  Pon","Richmond, VA","Robins Center",NA,5680,NA,NA,NA,NA,NA,NA,NA,NA,"Richmond","Duquesne",FALSE
"92",401724410,2025-02-05,"Richmond","Duquesne",92,1,"6:37",1597,1597,"Kareem Rozier missed Layup.","away",23,13,10,28,FALSE,FALSE,0.717845984324067,0.783344758833179,4,4,-2.5,128.5,"Jeff Clark/Eric Lewis/Jeff  Pon","Richmond, VA","Robins Center",NA,5680,NA,NA,"Duquesne","missed","Kareem Rozier",NA,FALSE,FALSE,"Duquesne","Duquesne",FALSE
"93",401724410,2025-02-05,"Richmond","Duquesne",93,1,"6:37",1597,1597,"Jahsean Corbett Offensive Rebound.","away",23,13,10,0,FALSE,FALSE,0.717845984324067,0.783344758833179,4,4,-2.5,128.5,"Jeff Clark/Eric Lewis/Jeff  Pon","Richmond, VA","Robins Center",NA,5680,NA,NA,NA,NA,NA,NA,NA,NA,"Duquesne","Duquesne",FALSE
"94",401724410,2025-02-05,"Richmond","Duquesne",94,1,"6:37",1597,1597,"Apostolos Roumoglou Block.","home",23,13,10,0,FALSE,FALSE,0.717845984324067,0.783344758833179,4,4,-2.5,128.5,"Jeff Clark/Eric Lewis/Jeff  Pon","Richmond, VA","Robins Center",NA,5680,NA,NA,NA,NA,NA,NA,NA,NA,"Duquesne","Duquesne",FALSE
"95",401724410,2025-02-05,"Richmond","Duquesne",95,1,"6:33",1593,1593,"Jahsean Corbett made Jumper.","away",23,15,8,4,TRUE,FALSE,0.663479695334979,0.736907783733324,4,4,-2.5,128.5,"Jeff Clark/Eric Lewis/Jeff  Pon","Richmond, VA","Robins Center",NA,5680,NA,NA,"Duquesne","made","Jahsean Corbett",NA,FALSE,FALSE,"Duquesne","Richmond",FALSE
"96",401724410,2025-02-05,"Richmond","Duquesne",96,1,"6:12",1572,1572,"Mikkel Tyne missed Jumper.","home",23,15,8,21,FALSE,FALSE,0.665937760658702,0.738687828301487,4,4,-2.5,128.5,"Jeff Clark/Eric Lewis/Jeff  Pon","Richmond, VA","Robins Center",NA,5680,NA,NA,"Richmond","missed","Mikkel Tyne",NA,FALSE,FALSE,"Richmond","Duquesne",FALSE
"97",401724410,2025-02-05,"Richmond","Duquesne",97,1,"6:09",1569,1569,"Jakub Necas Defensive Rebound.","away",23,15,8,3,FALSE,FALSE,0.666290370144938,0.738943022595873,4,4,-2.5,128.5,"Jeff Clark/Eric Lewis/Jeff  Pon","Richmond, VA","Robins Center",NA,5680,NA,NA,NA,NA,NA,NA,NA,NA,"Richmond","Duquesne",FALSE
"98",401724410,2025-02-05,"Richmond","Duquesne",98,1,"5:57",1557,1557,"Kareem Rozier missed Three Point Jumper.","away",23,15,8,12,FALSE,FALSE,0.667706353237364,0.739967856795079,4,4,-2.5,128.5,"Jeff Clark/Eric Lewis/Jeff  Pon","Richmond, VA","Robins Center",NA,5680,NA,NA,"Duquesne","missed","Kareem Rozier",NA,TRUE,FALSE,"Duquesne","Richmond",FALSE
"99",401724410,2025-02-05,"Richmond","Duquesne",99,1,"5:50",1550,1550,"B. Artis White Defensive Rebound.","home",23,15,8,7,FALSE,FALSE,0.668537292408873,0.740569480174323,4,4,-2.5,128.5,"Jeff Clark/Eric Lewis/Jeff  Pon","Richmond, VA","Robins Center",NA,5680,NA,NA,NA,NA,NA,NA,NA,NA,"Duquesne","Richmond",FALSE
"100",401724410,2025-02-05,"Richmond","Duquesne",100,1,"5:40",1540,1540,"Jonathan Beagle made Layup.","home",25,15,10,10,TRUE,FALSE,0.725186052771556,0.788649061868707,4,4,-2.5,128.5,"Jeff Clark/Eric Lewis/Jeff  Pon","Richmond, VA","Robins Center",NA,5680,NA,NA,"Richmond","made","Jonathan Beagle",NA,FALSE,FALSE,"Richmond","Duquesne",FALSE
"101",401724410,2025-02-05,"Richmond","Duquesne",101,1,"5:11",1511,1511,"Maximus Edwards made Layup.","away",25,17,8,29,TRUE,FALSE,0.673263485094305,0.744000933428116,4,4,-2.5,128.5,"Jeff Clark/Eric Lewis/Jeff  Pon","Richmond, VA","Robins Center",NA,5680,NA,NA,"Duquesne","made","Maximus Edwards",NA,FALSE,FALSE,"Duquesne","Richmond",FALSE
"102",401724410,2025-02-05,"Richmond","Duquesne",102,1,"4:47",1487,1487,"B. Artis White missed Jumper.","home",25,17,8,24,FALSE,FALSE,0.676283280205576,0.746207792896997,4,4,-2.5,128.5,"Jeff Clark/Eric Lewis/Jeff  Pon","Richmond, VA","Robins Center",NA,5680,NA,NA,"Richmond","missed","B. Artis White",NA,FALSE,FALSE,"Richmond","Duquesne",FALSE
"103",401724410,2025-02-05,"Richmond","Duquesne",103,1,"4:42",1482,1482,"Maximus Edwards Defensive Rebound.","away",25,17,8,5,FALSE,FALSE,0.676925819525332,0.746679253807444,4,4,-2.5,128.5,"Jeff Clark/Eric Lewis/Jeff  Pon","Richmond, VA","Robins Center",NA,5680,NA,NA,NA,NA,NA,NA,NA,NA,"Richmond","Duquesne",FALSE
"104",401724410,2025-02-05,"Richmond","Duquesne",104,1,"4:26",1466,1466,"Tre Dinkins Turnover.","away",25,17,8,16,FALSE,FALSE,0.679017134198774,0.74821887865227,4,4,-2.5,128.5,"Jeff Clark/Eric Lewis/Jeff  Pon","Richmond, VA","Robins Center",NA,5680,NA,NA,NA,NA,NA,NA,NA,NA,"Duquesne","Richmond",FALSE
"105",401724410,2025-02-05,"Richmond","Duquesne",105,1,"4:06",1446,1446,"Mikkel Tyne missed Layup.","home",25,17,8,20,FALSE,FALSE,0.681710235487074,0.750213164903489,4,4,-2.5,128.5,"Jeff Clark/Eric Lewis/Jeff  Pon","Richmond, VA","Robins Center",NA,5680,NA,NA,"Richmond","missed","Mikkel Tyne",NA,FALSE,FALSE,"Richmond","Duquesne",FALSE
"106",401724410,2025-02-05,"Richmond","Duquesne",106,1,"4:06",1446,1446,"Jakub Necas Block.","away",25,17,8,0,FALSE,FALSE,0.681710235487074,0.750213164903489,4,4,-2.5,128.5,"Jeff Clark/Eric Lewis/Jeff  Pon","Richmond, VA","Robins Center",NA,5680,NA,NA,NA,NA,NA,NA,NA,NA,"Richmond","Duquesne",FALSE
"107",401724410,2025-02-05,"Richmond","Duquesne",107,1,"4:01",1441,1441,"David Dixon Defensive Rebound.","away",25,17,8,5,FALSE,FALSE,0.68238303352607,0.750711009502314,4,4,-2.5,128.5,"Jeff Clark/Eric Lewis/Jeff  Pon","Richmond, VA","Robins Center",NA,5680,NA,NA,NA,NA,NA,NA,NA,NA,"Richmond","Duquesne",FALSE
"108",401724410,2025-02-05,"Richmond","Duquesne",108,1,"3:58",1438,1438,"Maximus Edwards made Three Point Jumper. Assisted by Tre Dinkins.","away",25,20,5,3,TRUE,FALSE,0.587247410418962,0.665965458800174,4,4,-2.5,128.5,"Jeff Clark/Eric Lewis/Jeff  Pon","Richmond, VA","Robins Center",NA,5680,NA,NA,"Duquesne","made","Maximus Edwards","Tre Dinkins",TRUE,FALSE,"Duquesne","Richmond",FALSE
"109",401724410,2025-02-05,"Richmond","Duquesne",109,1,"3:43",1423,1423,"B. Artis White made Jumper.","home",27,20,7,15,TRUE,FALSE,0.654016795172563,0.725675352290188,4,4,-2.5,128.5,"Jeff Clark/Eric Lewis/Jeff  Pon","Richmond, VA","Robins Center",NA,5680,NA,NA,"Richmond","made","B. Artis White",NA,FALSE,FALSE,"Richmond","Duquesne",FALSE
"110",401724410,2025-02-05,"Richmond","Duquesne",110,1,"3:15",1395,1395,"Tre Dinkins missed Three Point Jumper.","away",27,20,7,28,FALSE,FALSE,0.657368714914027,0.728114706825423,4,4,-2.5,128.5,"Jeff Clark/Eric Lewis/Jeff  Pon","Richmond, VA","Robins Center",NA,5680,NA,NA,"Duquesne","missed","Tre Dinkins",NA,TRUE,FALSE,"Duquesne","Duquesne",FALSE
"111",401724410,2025-02-05,"Richmond","Duquesne",111,1,"3:13",1393,1393,"David Dixon Offensive Rebound.","away",27,20,7,2,FALSE,FALSE,0.657604833045791,0.728285658378508,4,4,-2.5,128.5,"Jeff Clark/Eric Lewis/Jeff  Pon","Richmond, VA","Robins Center",NA,5680,NA,NA,NA,NA,NA,NA,NA,NA,"Duquesne","Duquesne",FALSE
"112",401724410,2025-02-05,"Richmond","Duquesne",112,1,"3:11",1391,1391,"David Dixon missed Layup.","away",27,20,7,2,FALSE,FALSE,0.657840639527433,0.728456289988686,4,4,-2.5,128.5,"Jeff Clark/Eric Lewis/Jeff  Pon","Richmond, VA","Robins Center",NA,5680,NA,NA,"Duquesne","missed","David Dixon",NA,FALSE,FALSE,"Duquesne","Duquesne",FALSE
"113",401724410,2025-02-05,"Richmond","Duquesne",113,1,"3:11",1391,1391,"Ryan Soulis Block.","home",27,20,7,0,FALSE,FALSE,0.657840639527433,0.728456289988686,4,4,-2.5,128.5,"Jeff Clark/Eric Lewis/Jeff  Pon","Richmond, VA","Robins Center",NA,5680,NA,NA,NA,NA,NA,NA,NA,NA,"Duquesne","Duquesne",FALSE
"114",401724410,2025-02-05,"Richmond","Duquesne",114,1,"3:11",1391,1391,"Duquesne  Turnover.","away",27,20,7,0,FALSE,FALSE,0.657840639527433,0.728456289988686,4,4,-2.5,128.5,"Jeff Clark/Eric Lewis/Jeff  Pon","Richmond, VA","Robins Center",NA,5680,NA,NA,NA,NA,NA,NA,NA,NA,"Duquesne","Richmond",FALSE
"115",401724410,2025-02-05,"Richmond","Duquesne",115,1,"3:11",1391,1391,"Official TV Timeout",NA,27,20,7,0,FALSE,FALSE,0.657840639527433,0.728456289988686,4,4,-2.5,128.5,"Jeff Clark/Eric Lewis/Jeff  Pon","Richmond, VA","Robins Center",NA,5680,NA,NA,NA,NA,NA,NA,NA,NA,"Duquesne","Duquesne",FALSE
"116",401724410,2025-02-05,"Richmond","Duquesne",116,1,"3:08",1388,1388,"Jakub Necas Offensive Rebound.","away",27,20,7,3,FALSE,FALSE,0.658193817508615,0.728711685766604,4,4,-2.5,128.5,"Jeff Clark/Eric Lewis/Jeff  Pon","Richmond, VA","Robins Center",NA,5680,NA,NA,NA,NA,NA,NA,NA,NA,"Duquesne","Duquesne",FALSE
"117",401724410,2025-02-05,"Richmond","Duquesne",117,1,"3:03",1383,1383,"B. Artis White made Layup.","home",29,20,9,5,TRUE,FALSE,0.719260105510109,0.781285000337876,4,4,-2.5,128.5,"Jeff Clark/Eric Lewis/Jeff  Pon","Richmond, VA","Robins Center",NA,5680,NA,NA,"Richmond","made","B. Artis White",NA,FALSE,FALSE,"Richmond","Duquesne",FALSE
"118",401724410,2025-02-05,"Richmond","Duquesne",118,1,"2:39",1359,1359,"David Dixon made Layup. Assisted by Tre Dinkins.","away",29,22,7,24,TRUE,FALSE,0.661590688529402,0.731160782827886,4,4,-2.5,128.5,"Jeff Clark/Eric Lewis/Jeff  Pon","Richmond, VA","Robins Center",NA,5680,NA,NA,"Duquesne","made","David Dixon","Tre Dinkins",FALSE,FALSE,"Duquesne","Richmond",FALSE
"119",401724410,2025-02-05,"Richmond","Duquesne",119,1,"2:13",1333,1333,"Jason Roche made Three Point Jumper. Assisted by Ryan Soulis.","home",32,22,10,26,TRUE,FALSE,0.753561440271547,0.809284041945479,4,4,-2.5,128.5,"Jeff Clark/Eric Lewis/Jeff  Pon","Richmond, VA","Robins Center",NA,5680,NA,NA,"Richmond","made","Jason Roche","Ryan Soulis",TRUE,FALSE,"Richmond","Duquesne",FALSE
"120",401724410,2025-02-05,"Richmond","Duquesne",120,1,"1:59",1319,1319,"Foul on B. Artis White.","home",32,22,10,14,FALSE,TRUE,0.755443030709277,0.810642180832061,4,4,-2.5,128.5,"Jeff Clark/Eric Lewis/Jeff  Pon","Richmond, VA","Robins Center",NA,5680,NA,NA,NA,NA,NA,NA,NA,NA,"Duquesne","Duquesne",FALSE
"121",401724410,2025-02-05,"Richmond","Duquesne",121,1,"1:52",1312,1312,"Foul on Collin Tanner.","home",32,22,10,7,FALSE,TRUE,0.75639343027096,0.811329202407972,4,4,-2.5,128.5,"Jeff Clark/Eric Lewis/Jeff  Pon","Richmond, VA","Robins Center",NA,5680,NA,NA,NA,NA,NA,NA,NA,NA,"Duquesne","Duquesne",FALSE
"122",401724410,2025-02-05,"Richmond","Duquesne",122,1,"1:52",1312,1312,"MatÃºÅ¡ HronskÃ½ missed Free Throw.","away",32,22,10,0,FALSE,FALSE,0.75639343027096,0.811329202407972,4,4,-2.5,128.5,"Jeff Clark/Eric Lewis/Jeff  Pon","Richmond, VA","Robins Center",NA,5680,NA,NA,"Duquesne","missed","MatÃºÅ¡ HronskÃ½",NA,FALSE,TRUE,"Duquesne","Duquesne",FALSE
"123",401724410,2025-02-05,"Richmond","Duquesne",123,1,"1:52",1312,1312,"Duquesne Offensive Rebound.","away",32,22,10,0,FALSE,FALSE,0.75639343027096,0.811329202407972,4,4,-2.5,128.5,"Jeff Clark/Eric Lewis/Jeff  Pon","Richmond, VA","Robins Center",NA,5680,NA,NA,NA,NA,NA,NA,NA,NA,"Duquesne","Duquesne",FALSE
"124",401724410,2025-02-05,"Richmond","Duquesne",124,1,"1:52",1312,1312,"MatÃºÅ¡ HronskÃ½ made Free Throw.","away",32,23,9,0,TRUE,FALSE,0.728522673653648,0.787981852577741,4,4,-2.5,128.5,"Jeff Clark/Eric Lewis/Jeff  Pon","Richmond, VA","Robins Center",NA,5680,NA,NA,"Duquesne","made","MatÃºÅ¡ HronskÃ½",NA,FALSE,TRUE,"Duquesne","Richmond",FALSE
"125",401724410,2025-02-05,"Richmond","Duquesne",125,1,"1:29",1289,1289,"Foul on Tre Dinkins.","away",32,23,9,23,FALSE,TRUE,0.731644916219949,0.790251615371796,4,4,-2.5,128.5,"Jeff Clark/Eric Lewis/Jeff  Pon","Richmond, VA","Robins Center",NA,5680,NA,NA,NA,NA,NA,NA,NA,NA,"Richmond","Richmond",FALSE
"126",401724410,2025-02-05,"Richmond","Duquesne",126,1,"1:29",1289,1289,"Ryan Soulis missed Free Throw.","home",32,23,9,0,FALSE,FALSE,0.731644916219949,0.790251615371796,4,4,-2.5,128.5,"Jeff Clark/Eric Lewis/Jeff  Pon","Richmond, VA","Robins Center",NA,5680,NA,NA,"Richmond","missed","Ryan Soulis",NA,FALSE,TRUE,"Richmond","Richmond",FALSE
"127",401724410,2025-02-05,"Richmond","Duquesne",127,1,"1:29",1289,1289,"Richmond Offensive Rebound.","home",32,23,9,0,FALSE,FALSE,0.731644916219949,0.790251615371796,4,4,-2.5,128.5,"Jeff Clark/Eric Lewis/Jeff  Pon","Richmond, VA","Robins Center",NA,5680,NA,NA,NA,NA,NA,NA,NA,NA,"Richmond","Richmond",FALSE
"128",401724410,2025-02-05,"Richmond","Duquesne",128,1,"1:29",1289,1289,"Ryan Soulis made Free Throw.","home",33,23,10,0,TRUE,FALSE,0.759577906999458,0.813638113482109,4,4,-2.5,128.5,"Jeff Clark/Eric Lewis/Jeff  Pon","Richmond, VA","Robins Center",NA,5680,NA,NA,"Richmond","made","Ryan Soulis",NA,FALSE,TRUE,"Richmond","Duquesne",FALSE
"129",401724410,2025-02-05,"Richmond","Duquesne",129,1,"1:10",1270,1270,"Kareem Rozier made Three Point Jumper. Assisted by David Dixon.","away",33,26,7,19,TRUE,FALSE,0.672440638101829,0.739019418455642,4,4,-2.5,128.5,"Jeff Clark/Eric Lewis/Jeff  Pon","Richmond, VA","Robins Center",NA,5680,NA,NA,"Duquesne","made","Kareem Rozier","David Dixon",TRUE,FALSE,"Duquesne","Richmond",FALSE
"130",401724410,2025-02-05,"Richmond","Duquesne",130,1,"0:39",1239,1239,"Mike Walz missed Jumper.","home",33,26,7,31,FALSE,FALSE,0.676632638910462,0.742116429586567,4,4,-2.5,128.5,"Jeff Clark/Eric Lewis/Jeff  Pon","Richmond, VA","Robins Center",NA,5680,NA,NA,"Richmond","missed","Mike Walz",NA,FALSE,FALSE,"Richmond","Duquesne",FALSE
"131",401724410,2025-02-05,"Richmond","Duquesne",131,1,"0:37",1237,1237,"MatÃºÅ¡ HronskÃ½ Defensive Rebound.","away",33,26,7,2,FALSE,FALSE,0.676914091468605,0.742325946080739,4,4,-2.5,128.5,"Jeff Clark/Eric Lewis/Jeff  Pon","Richmond, VA","Robins Center",NA,5680,NA,NA,NA,NA,NA,NA,NA,NA,"Richmond","Duquesne",FALSE
"132",401724410,2025-02-05,"Richmond","Duquesne",132,1,"0:24",1224,1224,"David Dixon missed Three Point Jumper.","away",33,26,7,13,FALSE,FALSE,0.678779974298841,0.743720033874584,4,4,-2.5,128.5,"Jeff Clark/Eric Lewis/Jeff  Pon","Richmond, VA","Robins Center",NA,5680,NA,NA,"Duquesne","missed","David Dixon",NA,TRUE,FALSE,"Duquesne","Duquesne",FALSE
"133",401724410,2025-02-05,"Richmond","Duquesne",133,1,"0:22",1222,1222,"Jahsean Corbett Offensive Rebound.","away",33,26,7,2,FALSE,FALSE,0.679072859719253,0.743939665100433,4,4,-2.5,128.5,"Jeff Clark/Eric Lewis/Jeff  Pon","Richmond, VA","Robins Center",NA,5680,NA,NA,NA,NA,NA,NA,NA,NA,"Duquesne","Duquesne",FALSE
"134",401724410,2025-02-05,"Richmond","Duquesne",134,1,"0:22",1222,1222,"Foul on Mikkel Tyne.","home",33,26,7,0,FALSE,TRUE,0.679072859719253,0.743939665100433,4,4,-2.5,128.5,"Jeff Clark/Eric Lewis/Jeff  Pon","Richmond, VA","Robins Center",NA,5680,NA,NA,NA,NA,NA,NA,NA,NA,"Duquesne","Duquesne",FALSE
"135",401724410,2025-02-05,"Richmond","Duquesne",135,1,"0:22",1222,1222,"Jahsean Corbett made Free Throw.","away",33,27,6,0,TRUE,FALSE,0.645004108972594,0.713855371241332,4,4,-2.5,128.5,"Jeff Clark/Eric Lewis/Jeff  Pon","Richmond, VA","Robins Center",NA,5680,NA,NA,"Duquesne","made","Jahsean Corbett",NA,FALSE,TRUE,"Duquesne","Duquesne",FALSE
"136",401724410,2025-02-05,"Richmond","Duquesne",136,1,"0:22",1222,1222,"Jahsean Corbett missed Free Throw.","away",33,27,6,0,FALSE,FALSE,0.645004108972594,0.713855371241332,4,4,-2.5,128.5,"Jeff Clark/Eric Lewis/Jeff  Pon","Richmond, VA","Robins Center",NA,5680,NA,NA,"Duquesne","missed","Jahsean Corbett",NA,FALSE,TRUE,"Duquesne","Richmond",FALSE
"137",401724410,2025-02-05,"Richmond","Duquesne",137,1,"0:22",1222,1222,"Richmond Defensive Rebound.","home",33,27,6,0,FALSE,FALSE,0.645004108972594,0.713855371241332,4,4,-2.5,128.5,"Jeff Clark/Eric Lewis/Jeff  Pon","Richmond, VA","Robins Center",NA,5680,NA,NA,NA,NA,NA,NA,NA,NA,"Duquesne","Richmond",FALSE
"138",401724410,2025-02-05,"Richmond","Duquesne",138,1,"0:00",1200,1200,"End of 1st half",NA,33,27,6,22,FALSE,FALSE,0.648041112791875,0.716137069237059,4,4,-2.5,128.5,"Jeff Clark/Eric Lewis/Jeff  Pon","Richmond, VA","Robins Center",NA,5680,NA,NA,NA,NA,NA,NA,NA,NA,"Richmond",NA,FALSE
"139",401724410,2025-02-05,"Richmond","Duquesne",139,2,"19:47",1187,1187,"Dusan Neskovic missed Three Point Jumper.","home",33,27,6,13,FALSE,FALSE,0.649802808889386,0.717457970003719,4,4,-2.5,128.5,"Jeff Clark/Eric Lewis/Jeff  Pon","Richmond, VA","Robins Center",NA,5680,NA,NA,"Richmond","missed","Dusan Neskovic",NA,TRUE,FALSE,"Richmond","Richmond",FALSE
"140",401724410,2025-02-05,"Richmond","Duquesne",140,2,"19:45",1185,1185,"Richmond Offensive Rebound.","home",33,27,6,2,FALSE,FALSE,0.650070413282675,0.717658256721189,4,4,-2.5,128.5,"Jeff Clark/Eric Lewis/Jeff  Pon","Richmond, VA","Robins Center",NA,5680,NA,NA,NA,NA,NA,NA,NA,NA,"Richmond","Richmond",FALSE
"141",401724410,2025-02-05,"Richmond","Duquesne",141,2,"19:35",1175,1175,"B. Artis White made Three Point Jumper. Assisted by Jason Roche.","home",36,27,9,10,TRUE,FALSE,0.749147545034764,0.803238631092043,4,4,-2.5,128.5,"Jeff Clark/Eric Lewis/Jeff  Pon","Richmond, VA","Robins Center",NA,5680,NA,NA,"Richmond","made","B. Artis White","Jason Roche",TRUE,FALSE,"Richmond","Duquesne",FALSE
"142",401724410,2025-02-05,"Richmond","Duquesne",142,2,"19:05",1145,1145,"MatÃºÅ¡ HronskÃ½ missed Three Point Jumper.","away",36,27,9,30,FALSE,FALSE,0.753704427604155,0.806630379798065,4,4,-2.5,128.5,"Jeff Clark/Eric Lewis/Jeff  Pon","Richmond, VA","Robins Center",NA,5680,NA,NA,"Duquesne","missed","MatÃºÅ¡ HronskÃ½",NA,TRUE,FALSE,"Duquesne","Duquesne",FALSE
"143",401724410,2025-02-05,"Richmond","Duquesne",143,2,"19:04",1144,1144,"Duquesne Offensive Rebound.","away",36,27,9,1,FALSE,FALSE,0.753854161996278,0.806741709380209,4,4,-2.5,128.5,"Jeff Clark/Eric Lewis/Jeff  Pon","Richmond, VA","Robins Center",NA,5680,NA,NA,NA,NA,NA,NA,NA,NA,"Duquesne","Duquesne",FALSE
"144",401724410,2025-02-05,"Richmond","Duquesne",144,2,"19:04",1144,1144,"Foul on Mike Walz.","home",36,27,9,0,FALSE,TRUE,0.753854161996278,0.806741709380209,4,4,-2.5,128.5,"Jeff Clark/Eric Lewis/Jeff  Pon","Richmond, VA","Robins Center",NA,5680,NA,NA,NA,NA,NA,NA,NA,NA,"Duquesne","Duquesne",FALSE
"145",401724410,2025-02-05,"Richmond","Duquesne",145,2,"18:48",1128,1128,"Tre Dinkins made Three Point Jumper.","away",36,30,6,16,TRUE,FALSE,0.657471827452435,0.723174778960156,4,4,-2.5,128.5,"Jeff Clark/Eric Lewis/Jeff  Pon","Richmond, VA","Robins Center",NA,5680,NA,NA,"Duquesne","made","Tre Dinkins",NA,TRUE,FALSE,"Duquesne","Richmond",FALSE
"146",401724410,2025-02-05,"Richmond","Duquesne",146,2,"18:20",1100,1100,"Mike Walz made Dunk. Assisted by Mikkel Tyne.","home",38,30,8,28,TRUE,FALSE,0.729620155522578,0.785551114910645,4,4,-2.5,128.5,"Jeff Clark/Eric Lewis/Jeff  Pon","Richmond, VA","Robins Center",NA,5680,NA,NA,"Richmond","made","Mike Walz","Mikkel Tyne",FALSE,FALSE,"Richmond","Duquesne",FALSE
"147",401724410,2025-02-05,"Richmond","Duquesne",147,2,"18:04",1084,1084,"Jakub Necas missed Jumper.","away",38,30,8,16,FALSE,FALSE,0.731984679016993,0.787319524534742,4,4,-2.5,128.5,"Jeff Clark/Eric Lewis/Jeff  Pon","Richmond, VA","Robins Center",NA,5680,NA,NA,"Duquesne","missed","Jakub Necas",NA,FALSE,FALSE,"Duquesne","Richmond",FALSE
"148",401724410,2025-02-05,"Richmond","Duquesne",148,2,"18:02",1082,1082,"Mike Walz Defensive Rebound.","home",38,30,8,2,FALSE,FALSE,0.732283252191628,0.787543106689387,4,4,-2.5,128.5,"Jeff Clark/Eric Lewis/Jeff  Pon","Richmond, VA","Robins Center",NA,5680,NA,NA,NA,NA,NA,NA,NA,NA,"Duquesne","Richmond",FALSE
"149",401724410,2025-02-05,"Richmond","Duquesne",149,2,"17:49",1069,1069,"B. Artis White missed Jumper.","home",38,30,8,13,FALSE,FALSE,0.734244448736948,0.789013553641165,4,4,-2.5,128.5,"Jeff Clark/Eric Lewis/Jeff  Pon","Richmond, VA","Robins Center",NA,5680,NA,NA,"Richmond","missed","B. Artis White",NA,FALSE,FALSE,"Richmond","Richmond",FALSE
"150",401724410,2025-02-05,"Richmond","Duquesne",150,2,"17:46",1066,1066,"B. Artis White Offensive Rebound.","home",38,30,8,3,FALSE,FALSE,0.734702660442249,0.789357598427887,4,4,-2.5,128.5,"Jeff Clark/Eric Lewis/Jeff  Pon","Richmond, VA","Robins Center",NA,5680,NA,NA,NA,NA,NA,NA,NA,NA,"Richmond","Richmond",FALSE
"151",401724410,2025-02-05,"Richmond","Duquesne",151,2,"17:45",1065,1065,"Dusan Neskovic missed Three Point Jumper.","home",38,30,8,1,FALSE,FALSE,0.734855912634298,0.789472710519151,4,4,-2.5,128.5,"Jeff Clark/Eric Lewis/Jeff  Pon","Richmond, VA","Robins Center",NA,5680,NA,NA,"Richmond","missed","Dusan Neskovic",NA,TRUE,FALSE,"Richmond","Duquesne",FALSE
"152",401724410,2025-02-05,"Richmond","Duquesne",152,2,"17:42",1062,1062,"Tre Dinkins Defensive Rebound.","away",38,30,8,3,FALSE,FALSE,0.735317270355881,0.789819384675683,4,4,-2.5,128.5,"Jeff Clark/Eric Lewis/Jeff  Pon","Richmond, VA","Robins Center",NA,5680,NA,NA,NA,NA,NA,NA,NA,NA,"Richmond","Duquesne",FALSE
"153",401724410,2025-02-05,"Richmond","Duquesne",153,2,"17:24",1044,1044,"Tre Dinkins Turnover.","away",38,30,8,18,FALSE,FALSE,0.738141358608766,0.79194610819017,4,4,-2.5,128.5,"Jeff Clark/Eric Lewis/Jeff  Pon","Richmond, VA","Robins Center",NA,5680,NA,NA,NA,NA,NA,NA,NA,NA,"Duquesne","Richmond",FALSE
"154",401724410,2025-02-05,"Richmond","Duquesne",154,2,"17:05",1025,1025,"Foul on MatÃºÅ¡ HronskÃ½.","away",38,30,8,19,FALSE,TRUE,0.741244617696985,0.794292794030325,4,4,-2.5,128.5,"Jeff Clark/Eric Lewis/Jeff  Pon","Richmond, VA","Robins Center",NA,5680,NA,NA,NA,NA,NA,NA,NA,NA,"Richmond","Richmond",FALSE
"155",401724410,2025-02-05,"Richmond","Duquesne",155,2,"17:05",1025,1025,"Jason Roche made Free Throw.","home",39,30,9,0,TRUE,FALSE,0.772296171950217,0.820519795297939,4,4,-2.5,128.5,"Jeff Clark/Eric Lewis/Jeff  Pon","Richmond, VA","Robins Center",NA,5680,NA,NA,"Richmond","made","Jason Roche",NA,FALSE,TRUE,"Richmond","Richmond",FALSE
"156",401724410,2025-02-05,"Richmond","Duquesne",156,2,"17:05",1025,1025,"Jason Roche missed Free Throw.","home",39,30,9,0,FALSE,FALSE,0.772296171950217,0.820519795297939,4,4,-2.5,128.5,"Jeff Clark/Eric Lewis/Jeff  Pon","Richmond, VA","Robins Center",NA,5680,NA,NA,"Richmond","missed","Jason Roche",NA,FALSE,TRUE,"Richmond","Richmond",FALSE
"157",401724410,2025-02-05,"Richmond","Duquesne",157,2,"17:05",1025,1025,"Richmond Offensive Rebound.","home",39,30,9,0,FALSE,FALSE,0.772296171950217,0.820519795297939,4,4,-2.5,128.5,"Jeff Clark/Eric Lewis/Jeff  Pon","Richmond, VA","Robins Center",NA,5680,NA,NA,NA,NA,NA,NA,NA,NA,"Richmond","Richmond",FALSE
"158",401724410,2025-02-05,"Richmond","Duquesne",158,2,"17:05",1025,1025,"Jason Roche made Free Throw.","home",40,30,10,0,TRUE,FALSE,0.800623711111518,0.84405942622474,4,4,-2.5,128.5,"Jeff Clark/Eric Lewis/Jeff  Pon","Richmond, VA","Robins Center",NA,5680,NA,NA,"Richmond","made","Jason Roche",NA,FALSE,TRUE,"Richmond","Duquesne",FALSE
"159",401724410,2025-02-05,"Richmond","Duquesne",159,2,"16:53",1013,1013,"Foul on B. Artis White.","home",40,30,10,12,FALSE,TRUE,0.802693029641627,0.845613599031317,4,4,-2.5,128.5,"Jeff Clark/Eric Lewis/Jeff  Pon","Richmond, VA","Robins Center",NA,5680,NA,NA,NA,NA,NA,NA,NA,NA,"Duquesne","Duquesne",FALSE
"160",401724410,2025-02-05,"Richmond","Duquesne",160,2,"16:53",1013,1013,"David Dixon missed Free Throw.","away",40,30,10,0,FALSE,FALSE,0.802693029641627,0.845613599031317,4,4,-2.5,128.5,"Jeff Clark/Eric Lewis/Jeff  Pon","Richmond, VA","Robins Center",NA,5680,NA,NA,"Duquesne","missed","David Dixon",NA,FALSE,TRUE,"Duquesne","Duquesne",FALSE
"161",401724410,2025-02-05,"Richmond","Duquesne",161,2,"16:53",1013,1013,"Duquesne Offensive Rebound.","away",40,30,10,0,FALSE,FALSE,0.802693029641627,0.845613599031317,4,4,-2.5,128.5,"Jeff Clark/Eric Lewis/Jeff  Pon","Richmond, VA","Robins Center",NA,5680,NA,NA,NA,NA,NA,NA,NA,NA,"Duquesne","Duquesne",FALSE
"162",401724410,2025-02-05,"Richmond","Duquesne",162,2,"16:53",1013,1013,"David Dixon missed Free Throw.","away",40,30,10,0,FALSE,FALSE,0.802693029641627,0.845613599031317,4,4,-2.5,128.5,"Jeff Clark/Eric Lewis/Jeff  Pon","Richmond, VA","Robins Center",NA,5680,NA,NA,"Duquesne","missed","David Dixon",NA,FALSE,TRUE,"Duquesne","Duquesne",FALSE
"163",401724410,2025-02-05,"Richmond","Duquesne",163,2,"16:53",1013,1013,"Jason Roche Defensive Rebound.","home",40,30,10,0,FALSE,FALSE,0.802693029641627,0.845613599031317,4,4,-2.5,128.5,"Jeff Clark/Eric Lewis/Jeff  Pon","Richmond, VA","Robins Center",NA,5680,NA,NA,NA,NA,NA,NA,NA,NA,"Duquesne","Duquesne",FALSE
"164",401724410,2025-02-05,"Richmond","Duquesne",164,2,"16:27",987,987,"Dusan Neskovic made Three Point Jumper.","home",43,30,13,26,TRUE,FALSE,0.875623148084754,0.904345042913475,4,4,-2.5,128.5,"Jeff Clark/Eric Lewis/Jeff  Pon","Richmond, VA","Robins Center",NA,5680,NA,NA,"Richmond","made","Dusan Neskovic",NA,TRUE,FALSE,"Richmond","Duquesne",FALSE
"165",401724410,2025-02-05,"Richmond","Duquesne",165,2,"15:58",958,958,"Cam Crawford missed Layup.","away",43,30,13,29,FALSE,FALSE,0.880539362956323,0.908004279055748,4,4,-2.5,128.5,"Jeff Clark/Eric Lewis/Jeff  Pon","Richmond, VA","Robins Center",NA,5680,NA,NA,"Duquesne","missed","Cam Crawford",NA,FALSE,FALSE,"Duquesne","Duquesne",FALSE
"166",401724410,2025-02-05,"Richmond","Duquesne",166,2,"15:46",946,946,"David Dixon Offensive Rebound.","away",43,30,13,12,FALSE,FALSE,0.882397860873626,0.90938557821616,4,4,-2.5,128.5,"Jeff Clark/Eric Lewis/Jeff  Pon","Richmond, VA","Robins Center",NA,5680,NA,NA,NA,NA,NA,NA,NA,NA,"Duquesne","Duquesne",FALSE
"167",401724410,2025-02-05,"Richmond","Duquesne",167,2,"15:46",946,946,"David Dixon made Jumper.","away",43,32,11,0,TRUE,FALSE,0.840310829665828,0.87559514361228,4,4,-2.5,128.5,"Jeff Clark/Eric Lewis/Jeff  Pon","Richmond, VA","Robins Center",NA,5680,NA,NA,"Duquesne","made","David Dixon",NA,FALSE,FALSE,"Duquesne","Richmond",FALSE
"168",401724410,2025-02-05,"Richmond","Duquesne",168,2,"15:39",939,939,"Official TV Timeout",NA,43,32,11,7,FALSE,FALSE,0.841445374480865,0.876445905378483,4,4,-2.5,128.5,"Jeff Clark/Eric Lewis/Jeff  Pon","Richmond, VA","Robins Center",NA,5680,NA,NA,NA,NA,NA,NA,NA,NA,"Richmond","Richmond",FALSE
"169",401724410,2025-02-05,"Richmond","Duquesne",169,2,"15:21",921,921,"Foul on David Dixon.","away",43,32,11,18,FALSE,TRUE,0.844187013882175,0.878498065229782,4,4,-2.5,128.5,"Jeff Clark/Eric Lewis/Jeff  Pon","Richmond, VA","Robins Center",NA,5680,NA,NA,NA,NA,NA,NA,NA,NA,"Richmond","Richmond",FALSE
"170",401724410,2025-02-05,"Richmond","Duquesne",170,2,"15:21",921,921,"Jonathan Beagle missed Free Throw.","home",43,32,11,0,FALSE,FALSE,0.844187013882175,0.878498065229782,4,4,-2.5,128.5,"Jeff Clark/Eric Lewis/Jeff  Pon","Richmond, VA","Robins Center",NA,5680,NA,NA,"Richmond","missed","Jonathan Beagle",NA,FALSE,TRUE,"Richmond","Richmond",FALSE
"171",401724410,2025-02-05,"Richmond","Duquesne",171,2,"15:21",921,921,"Richmond Offensive Rebound.","home",43,32,11,0,FALSE,FALSE,0.844187013882175,0.878498065229782,4,4,-2.5,128.5,"Jeff Clark/Eric Lewis/Jeff  Pon","Richmond, VA","Robins Center",NA,5680,NA,NA,NA,NA,NA,NA,NA,NA,"Richmond","Richmond",FALSE
"172",401724410,2025-02-05,"Richmond","Duquesne",172,2,"15:21",921,921,"Jonathan Beagle made Free Throw.","home",44,32,12,0,TRUE,FALSE,0.866407534166784,0.896425820014918,4,4,-2.5,128.5,"Jeff Clark/Eric Lewis/Jeff  Pon","Richmond, VA","Robins Center",NA,5680,NA,NA,"Richmond","made","Jonathan Beagle",NA,FALSE,TRUE,"Richmond","Duquesne",FALSE
"173",401724410,2025-02-05,"Richmond","Duquesne",173,2,"15:00",900,900,"Foul on Mikkel Tyne.","home",44,32,12,21,FALSE,TRUE,0.869229922224605,0.898524002183613,4,4,-2.5,128.5,"Jeff Clark/Eric Lewis/Jeff  Pon","Richmond, VA","Robins Center",NA,5680,NA,NA,NA,NA,NA,NA,NA,NA,"Duquesne","Duquesne",FALSE
"174",401724410,2025-02-05,"Richmond","Duquesne",174,2,"14:49",889,889,"Maximus Edwards made Three Point Jumper.","away",44,35,9,11,TRUE,FALSE,0.795523469463077,0.838131243301257,4,4,-2.5,128.5,"Jeff Clark/Eric Lewis/Jeff  Pon","Richmond, VA","Robins Center",NA,5680,NA,NA,"Duquesne","made","Maximus Edwards",NA,TRUE,FALSE,"Duquesne","Richmond",FALSE
"175",401724410,2025-02-05,"Richmond","Duquesne",175,2,"14:49",889,889,"Foul on Jonathan Beagle.","home",44,35,9,0,FALSE,TRUE,0.795523469463077,0.838131243301257,4,4,-2.5,128.5,"Jeff Clark/Eric Lewis/Jeff  Pon","Richmond, VA","Robins Center",NA,5680,NA,NA,NA,NA,NA,NA,NA,NA,"Duquesne","Duquesne",FALSE
"176",401724410,2025-02-05,"Richmond","Duquesne",176,2,"14:49",889,889,"Maximus Edwards made Free Throw.","away",44,36,8,0,TRUE,FALSE,0.764198509449696,0.811789334404208,4,4,-2.5,128.5,"Jeff Clark/Eric Lewis/Jeff  Pon","Richmond, VA","Robins Center",NA,5680,NA,NA,"Duquesne","made","Maximus Edwards",NA,FALSE,TRUE,"Duquesne","Richmond",FALSE
"177",401724410,2025-02-05,"Richmond","Duquesne",177,2,"14:17",857,857,"Ryan Soulis made Three Point Jumper. Assisted by B. Artis White.","home",47,36,11,32,TRUE,FALSE,0.852900641974549,0.885007016361314,4,4,-2.5,128.5,"Jeff Clark/Eric Lewis/Jeff  Pon","Richmond, VA","Robins Center",NA,5680,NA,NA,"Richmond","made","Ryan Soulis","B Artis White",TRUE,FALSE,"Richmond","Duquesne",FALSE
"178",401724410,2025-02-05,"Richmond","Duquesne",178,2,"13:47",827,827,"Jahsean Corbett missed Jumper.","away",47,36,11,30,FALSE,FALSE,0.857057824204364,0.888124983711498,4,4,-2.5,128.5,"Jeff Clark/Eric Lewis/Jeff  Pon","Richmond, VA","Robins Center",NA,5680,NA,NA,"Duquesne","missed","Jahsean Corbett",NA,FALSE,FALSE,"Duquesne","Richmond",FALSE
"179",401724410,2025-02-05,"Richmond","Duquesne",179,2,"13:47",827,827,"Ryan Soulis Block.","home",47,36,11,0,FALSE,FALSE,0.857057824204364,0.888124983711498,4,4,-2.5,128.5,"Jeff Clark/Eric Lewis/Jeff  Pon","Richmond, VA","Robins Center",NA,5680,NA,NA,NA,NA,NA,NA,NA,NA,"Duquesne","Richmond",FALSE
"180",401724410,2025-02-05,"Richmond","Duquesne",180,2,"13:45",825,825,"Richmond Defensive Rebound.","home",47,36,11,2,FALSE,FALSE,0.857347807830721,0.888343084973107,4,4,-2.5,128.5,"Jeff Clark/Eric Lewis/Jeff  Pon","Richmond, VA","Robins Center",NA,5680,NA,NA,NA,NA,NA,NA,NA,NA,"Duquesne","Richmond",FALSE
"181",401724410,2025-02-05,"Richmond","Duquesne",181,2,"13:26",806,806,"Collin Tanner missed Jumper.","home",47,36,11,19,FALSE,FALSE,0.860216005145338,0.890504804835353,4,4,-2.5,128.5,"Jeff Clark/Eric Lewis/Jeff  Pon","Richmond, VA","Robins Center",NA,5680,NA,NA,"Richmond","missed","Collin Tanner",NA,FALSE,FALSE,"Richmond","Richmond",FALSE
"182",401724410,2025-02-05,"Richmond","Duquesne",182,2,"13:23",803,803,"Ryan Soulis Offensive Rebound.","home",47,36,11,3,FALSE,FALSE,0.860690062998886,0.890862870461799,4,4,-2.5,128.5,"Jeff Clark/Eric Lewis/Jeff  Pon","Richmond, VA","Robins Center",NA,5680,NA,NA,NA,NA,NA,NA,NA,NA,"Richmond","Richmond",FALSE
"183",401724410,2025-02-05,"Richmond","Duquesne",183,2,"13:17",797,797,"Dusan Neskovic made Layup.","home",49,36,13,6,TRUE,FALSE,0.901343498729961,0.92345525127359,4,4,-2.5,128.5,"Jeff Clark/Eric Lewis/Jeff  Pon","Richmond, VA","Robins Center",NA,5680,NA,NA,"Richmond","made","Dusan Neskovic",NA,FALSE,FALSE,"Richmond","Duquesne",FALSE
"184",401724410,2025-02-05,"Richmond","Duquesne",184,2,"13:05",785,785,"Maximus Edwards Turnover.","away",49,36,13,12,FALSE,FALSE,0.903102980288006,0.924775122003256,4,4,-2.5,128.5,"Jeff Clark/Eric Lewis/Jeff  Pon","Richmond, VA","Robins Center",NA,5680,NA,NA,NA,NA,NA,NA,NA,NA,"Duquesne","Richmond",FALSE
"185",401724410,2025-02-05,"Richmond","Duquesne",185,2,"12:40",760,760,"Ryan Soulis Turnover.","home",49,36,13,25,FALSE,FALSE,0.907105582511431,0.927787439984754,4,4,-2.5,128.5,"Jeff Clark/Eric Lewis/Jeff  Pon","Richmond, VA","Robins Center",NA,5680,NA,NA,NA,NA,NA,NA,NA,NA,"Richmond","Duquesne",FALSE
"186",401724410,2025-02-05,"Richmond","Duquesne",186,2,"12:40",760,760,"Kareem Rozier Steal.","away",49,36,13,0,FALSE,FALSE,0.907105582511431,0.927787439984754,4,4,-2.5,128.5,"Jeff Clark/Eric Lewis/Jeff  Pon","Richmond, VA","Robins Center",NA,5680,NA,NA,NA,NA,NA,NA,NA,NA,"Richmond","Duquesne",FALSE
"187",401724410,2025-02-05,"Richmond","Duquesne",187,2,"12:37",757,757,"Maximus Edwards made Layup. Assisted by Kareem Rozier.","away",49,38,11,3,TRUE,FALSE,0.868894266324147,0.89708958860377,4,4,-2.5,128.5,"Jeff Clark/Eric Lewis/Jeff  Pon","Richmond, VA","Robins Center",NA,5680,NA,NA,"Duquesne","made","Maximus Edwards","Kareem Rozier",FALSE,FALSE,"Duquesne","Richmond",FALSE
"188",401724410,2025-02-05,"Richmond","Duquesne",188,2,"12:21",741,741,"Apostolos Roumoglou made Dunk.","home",51,38,13,16,TRUE,FALSE,0.910489609076242,0.930343035210937,4,4,-2.5,128.5,"Jeff Clark/Eric Lewis/Jeff  Pon","Richmond, VA","Robins Center",NA,5680,NA,NA,"Richmond","made","Apostolos Roumoglou",NA,FALSE,FALSE,"Richmond","Duquesne",FALSE
"189",401724410,2025-02-05,"Richmond","Duquesne",189,2,"11:55",715,715,"Tre Dinkins made Jumper.","away",51,40,11,26,TRUE,FALSE,0.877929789842219,0.903986577950809,4,4,-2.5,128.5,"Jeff Clark/Eric Lewis/Jeff  Pon","Richmond, VA","Robins Center",NA,5680,NA,NA,"Duquesne","made","Tre Dinkins",NA,FALSE,FALSE,"Duquesne","Richmond",FALSE
"190",401724410,2025-02-05,"Richmond","Duquesne",190,2,"11:23",683,683,"Dusan Neskovic Turnover.","home",51,40,11,32,FALSE,FALSE,0.883736147344067,0.908389791542643,4,4,-2.5,128.5,"Jeff Clark/Eric Lewis/Jeff  Pon","Richmond, VA","Robins Center",NA,5680,NA,NA,NA,NA,NA,NA,NA,NA,"Richmond","Duquesne",FALSE
"191",401724410,2025-02-05,"Richmond","Duquesne",191,2,"11:23",683,683,"Official TV Timeout",NA,51,40,11,0,FALSE,FALSE,0.883736147344067,0.908389791542643,4,4,-2.5,128.5,"Jeff Clark/Eric Lewis/Jeff  Pon","Richmond, VA","Robins Center",NA,5680,NA,NA,NA,NA,NA,NA,NA,NA,"Richmond","Duquesne",FALSE
"192",401724410,2025-02-05,"Richmond","Duquesne",192,2,"11:12",672,672,"Jakub Necas made Layup. Assisted by Maximus Edwards.","away",51,42,9,11,TRUE,FALSE,0.835586541602408,0.868800832798859,4,4,-2.5,128.5,"Jeff Clark/Eric Lewis/Jeff  Pon","Richmond, VA","Robins Center",NA,5680,NA,NA,"Duquesne","made","Jakub Necas","Maximus Edwards",FALSE,FALSE,"Duquesne","Richmond",FALSE
"193",401724410,2025-02-05,"Richmond","Duquesne",193,2,"10:51",651,651,"B. Artis White Turnover.","home",51,42,9,21,FALSE,FALSE,0.83933672037081,0.871655496742967,4,4,-2.5,128.5,"Jeff Clark/Eric Lewis/Jeff  Pon","Richmond, VA","Robins Center",NA,5680,NA,NA,NA,NA,NA,NA,NA,NA,"Richmond","Duquesne",FALSE
"194",401724410,2025-02-05,"Richmond","Duquesne",194,2,"10:51",651,651,"Maximus Edwards Steal.","away",51,42,9,0,FALSE,FALSE,0.83933672037081,0.871655496742967,4,4,-2.5,128.5,"Jeff Clark/Eric Lewis/Jeff  Pon","Richmond, VA","Robins Center",NA,5680,NA,NA,NA,NA,NA,NA,NA,NA,"Richmond","Duquesne",FALSE
"195",401724410,2025-02-05,"Richmond","Duquesne",195,2,"10:46",646,646,"Cam Crawford made Layup. Assisted by Maximus Edwards.","away",51,44,7,5,TRUE,FALSE,0.774327013681794,0.816787923113565,4,4,-2.5,128.5,"Jeff Clark/Eric Lewis/Jeff  Pon","Richmond, VA","Robins Center",NA,5680,NA,NA,"Duquesne","made","Cam Crawford","Maximus Edwards",FALSE,FALSE,"Duquesne","Richmond",FALSE
"196",401724410,2025-02-05,"Richmond","Duquesne",196,2,"10:23",623,623,"Collin Tanner missed Jumper.","home",51,44,7,23,FALSE,FALSE,0.778789646106332,0.820225758073584,4,4,-2.5,128.5,"Jeff Clark/Eric Lewis/Jeff  Pon","Richmond, VA","Robins Center",NA,5680,NA,NA,"Richmond","missed","Collin Tanner",NA,FALSE,FALSE,"Richmond","Duquesne",FALSE
"197",401724410,2025-02-05,"Richmond","Duquesne",197,2,"10:20",620,620,"Jahsean Corbett Defensive Rebound.","away",51,44,7,3,FALSE,FALSE,0.779404892465297,0.820701418741372,4,4,-2.5,128.5,"Jeff Clark/Eric Lewis/Jeff  Pon","Richmond, VA","Robins Center",NA,5680,NA,NA,NA,NA,NA,NA,NA,NA,"Richmond","Duquesne",FALSE
"198",401724410,2025-02-05,"Richmond","Duquesne",198,2,"10:13",613,613,"Kareem Rozier missed Three Point Jumper.","away",51,44,7,7,FALSE,FALSE,0.780880035453237,0.821843829043709,4,4,-2.5,128.5,"Jeff Clark/Eric Lewis/Jeff  Pon","Richmond, VA","Robins Center",NA,5680,NA,NA,"Duquesne","missed","Kareem Rozier",NA,TRUE,FALSE,"Duquesne","Richmond",FALSE
"199",401724410,2025-02-05,"Richmond","Duquesne",199,2,"10:11",611,611,"Dusan Neskovic Defensive Rebound.","home",51,44,7,2,FALSE,FALSE,0.78131256920589,0.822179330814458,4,4,-2.5,128.5,"Jeff Clark/Eric Lewis/Jeff  Pon","Richmond, VA","Robins Center",NA,5680,NA,NA,NA,NA,NA,NA,NA,NA,"Duquesne","Richmond",FALSE
"200",401724410,2025-02-05,"Richmond","Duquesne",200,2,"10:11",611,611,"Foul on Kareem Rozier.","away",51,44,7,0,FALSE,TRUE,0.78131256920589,0.822179330814458,4,4,-2.5,128.5,"Jeff Clark/Eric Lewis/Jeff  Pon","Richmond, VA","Robins Center",NA,5680,NA,NA,NA,NA,NA,NA,NA,NA,"Richmond","Richmond",FALSE
"201",401724410,2025-02-05,"Richmond","Duquesne",201,2,"9:51",591,591,"Mike Walz made Jumper.","home",53,44,9,20,TRUE,FALSE,0.851365279680004,0.880875790564115,4,4,-2.5,128.5,"Jeff Clark/Eric Lewis/Jeff  Pon","Richmond, VA","Robins Center",NA,5680,NA,NA,"Richmond","made","Mike Walz",NA,FALSE,FALSE,"Richmond","Duquesne",FALSE
"202",401724410,2025-02-05,"Richmond","Duquesne",202,2,"9:31",571,571,"Cam Crawford missed Three Point Jumper.","away",53,44,9,20,FALSE,FALSE,0.856426007474102,0.884798772738446,4,4,-2.5,128.5,"Jeff Clark/Eric Lewis/Jeff  Pon","Richmond, VA","Robins Center",NA,5680,NA,NA,"Duquesne","missed","Cam Crawford",NA,TRUE,FALSE,"Duquesne","Richmond",FALSE
"203",401724410,2025-02-05,"Richmond","Duquesne",203,2,"9:29",569,569,"Jason Roche Defensive Rebound.","home",53,44,9,2,FALSE,FALSE,0.856972480388607,0.885223697265737,4,4,-2.5,128.5,"Jeff Clark/Eric Lewis/Jeff  Pon","Richmond, VA","Robins Center",NA,5680,NA,NA,NA,NA,NA,NA,NA,NA,"Duquesne","Richmond",FALSE
"204",401724410,2025-02-05,"Richmond","Duquesne",204,2,"9:07",547,547,"Jason Roche made Three Point Jumper. Assisted by Mike Walz.","home",56,44,12,22,TRUE,FALSE,0.927073261971948,0.942234813231475,4,4,-2.5,128.5,"Jeff Clark/Eric Lewis/Jeff  Pon","Richmond, VA","Robins Center",NA,5680,NA,NA,"Richmond","made","Jason Roche","Mike Walz",TRUE,FALSE,"Richmond","Duquesne",FALSE
"205",401724410,2025-02-05,"Richmond","Duquesne",205,2,"8:56",536,536,"Duquesne Timeout","away",56,44,12,11,FALSE,FALSE,0.929390929357533,0.944014709663188,3,4,-2.5,128.5,"Jeff Clark/Eric Lewis/Jeff  Pon","Richmond, VA","Robins Center",NA,5680,NA,NA,NA,NA,NA,NA,NA,NA,"Duquesne","Duquesne",FALSE
"206",401724410,2025-02-05,"Richmond","Duquesne",206,2,"8:56",536,536,"Official TV Timeout",NA,56,44,12,0,FALSE,FALSE,0.929390929357533,0.944014709663188,3,4,-2.5,128.5,"Jeff Clark/Eric Lewis/Jeff  Pon","Richmond, VA","Robins Center",NA,5680,NA,NA,NA,NA,NA,NA,NA,NA,"Duquesne","Duquesne",FALSE
"207",401724410,2025-02-05,"Richmond","Duquesne",207,2,"8:45",525,525,"Foul on Dusan Neskovic.","home",56,44,12,11,FALSE,TRUE,0.931412786276533,0.945562013068968,3,4,-2.5,128.5,"Jeff Clark/Eric Lewis/Jeff  Pon","Richmond, VA","Robins Center",NA,5680,NA,NA,NA,NA,NA,NA,NA,NA,"Duquesne","Duquesne",FALSE
"208",401724410,2025-02-05,"Richmond","Duquesne",208,2,"8:33",513,513,"Maximus Edwards made Three Point Jumper. Assisted by Kareem Rozier.","away",56,47,9,12,TRUE,FALSE,0.872021478255665,0.896914333632174,3,4,-2.5,128.5,"Jeff Clark/Eric Lewis/Jeff  Pon","Richmond, VA","Robins Center",NA,5680,NA,NA,"Duquesne","made","Maximus Edwards","Kareem Rozier",TRUE,FALSE,"Duquesne","Richmond",FALSE
"209",401724410,2025-02-05,"Richmond","Duquesne",209,2,"8:15",495,495,"B. Artis White Turnover.","home",56,47,9,18,FALSE,FALSE,0.875867555326583,0.899872458242959,3,4,-2.5,128.5,"Jeff Clark/Eric Lewis/Jeff  Pon","Richmond, VA","Robins Center",NA,5680,NA,NA,NA,NA,NA,NA,NA,NA,"Richmond","Duquesne",FALSE
"210",401724410,2025-02-05,"Richmond","Duquesne",210,2,"8:06",486,486,"Foul on Mikkel Tyne.","home",56,47,9,9,FALSE,TRUE,0.877820229269217,0.901376604469281,3,4,-2.5,128.5,"Jeff Clark/Eric Lewis/Jeff  Pon","Richmond, VA","Robins Center",NA,5680,NA,NA,NA,NA,NA,NA,NA,NA,"Duquesne","Duquesne",FALSE
"211",401724410,2025-02-05,"Richmond","Duquesne",211,2,"7:49",469,469,"Kareem Rozier missed Layup.","away",56,47,9,17,FALSE,FALSE,0.881798823198543,0.904455364856452,3,4,-2.5,128.5,"Jeff Clark/Eric Lewis/Jeff  Pon","Richmond, VA","Robins Center",NA,5680,NA,NA,"Duquesne","missed","Kareem Rozier",NA,FALSE,FALSE,"Duquesne","Duquesne",FALSE
"212",401724410,2025-02-05,"Richmond","Duquesne",212,2,"7:48",468,468,"David Dixon Offensive Rebound.","away",56,47,9,1,FALSE,FALSE,0.882050107038535,0.904650560389794,3,4,-2.5,128.5,"Jeff Clark/Eric Lewis/Jeff  Pon","Richmond, VA","Robins Center",NA,5680,NA,NA,NA,NA,NA,NA,NA,NA,"Duquesne","Duquesne",FALSE
"213",401724410,2025-02-05,"Richmond","Duquesne",213,2,"7:47",467,467,"David Dixon missed Layup.","away",56,47,9,1,FALSE,FALSE,0.882303705808762,0.904847645890361,3,4,-2.5,128.5,"Jeff Clark/Eric Lewis/Jeff  Pon","Richmond, VA","Robins Center",NA,5680,NA,NA,"Duquesne","missed","David Dixon",NA,FALSE,FALSE,"Duquesne","Richmond",FALSE
"214",401724410,2025-02-05,"Richmond","Duquesne",214,2,"7:45",465,465,"Apostolos Roumoglou Defensive Rebound.","home",56,47,9,2,FALSE,FALSE,0.882818086024815,0.905247680469044,3,4,-2.5,128.5,"Jeff Clark/Eric Lewis/Jeff  Pon","Richmond, VA","Robins Center",NA,5680,NA,NA,NA,NA,NA,NA,NA,NA,"Duquesne","Richmond",FALSE
"215",401724410,2025-02-05,"Richmond","Duquesne",215,2,"7:30",450,450,"Dusan Neskovic made Layup.","home",58,47,11,15,TRUE,FALSE,0.928964012781461,0.943000681615924,3,4,-2.5,128.5,"Jeff Clark/Eric Lewis/Jeff  Pon","Richmond, VA","Robins Center",NA,5680,NA,NA,"Richmond","made","Dusan Neskovic",NA,FALSE,FALSE,"Richmond","Duquesne",FALSE
"216",401724410,2025-02-05,"Richmond","Duquesne",216,2,"7:08",428,428,"Maximus Edwards made Three Point Jumper.","away",58,50,8,22,TRUE,FALSE,0.867002802937051,0.891478792873947,3,4,-2.5,128.5,"Jeff Clark/Eric Lewis/Jeff  Pon","Richmond, VA","Robins Center",NA,5680,NA,NA,"Duquesne","made","Maximus Edwards",NA,TRUE,FALSE,"Duquesne","Richmond",FALSE
"217",401724410,2025-02-05,"Richmond","Duquesne",217,2,"6:47",407,407,"Mike Walz made Three Point Jumper. Assisted by Jack Graham.","home",61,50,11,21,TRUE,FALSE,0.940362684276217,0.951894898973211,3,4,-2.5,128.5,"Jeff Clark/Eric Lewis/Jeff  Pon","Richmond, VA","Robins Center",NA,5680,NA,NA,"Richmond","made","Mike Walz","Jack Graham",TRUE,FALSE,"Richmond","Duquesne",FALSE
"218",401724410,2025-02-05,"Richmond","Duquesne",218,2,"6:12",372,372,"Kareem Rozier missed Three Point Jumper.","away",61,50,11,35,FALSE,FALSE,0.948257710469483,0.958028097189664,3,4,-2.5,128.5,"Jeff Clark/Eric Lewis/Jeff  Pon","Richmond, VA","Robins Center",NA,5680,NA,NA,"Duquesne","missed","Kareem Rozier",NA,TRUE,FALSE,"Duquesne","Richmond",FALSE
"219",401724410,2025-02-05,"Richmond","Duquesne",219,2,"6:10",370,370,"Jason Roche Defensive Rebound.","home",61,50,11,2,FALSE,FALSE,0.948706078336565,0.958377323749262,3,4,-2.5,128.5,"Jeff Clark/Eric Lewis/Jeff  Pon","Richmond, VA","Robins Center",NA,5680,NA,NA,NA,NA,NA,NA,NA,NA,"Duquesne","Richmond",FALSE
"220",401724410,2025-02-05,"Richmond","Duquesne",220,2,"6:01",361,361,"Jack Graham Turnover.","home",61,50,11,9,FALSE,FALSE,0.950754597079228,0.95997584413437,3,4,-2.5,128.5,"Jeff Clark/Eric Lewis/Jeff  Pon","Richmond, VA","Robins Center",NA,5680,NA,NA,NA,NA,NA,NA,NA,NA,"Richmond","Duquesne",FALSE
"221",401724410,2025-02-05,"Richmond","Duquesne",221,2,"6:01",361,361,"Kareem Rozier Steal.","away",61,50,11,0,FALSE,FALSE,0.950754597079228,0.95997584413437,3,4,-2.5,128.5,"Jeff Clark/Eric Lewis/Jeff  Pon","Richmond, VA","Robins Center",NA,5680,NA,NA,NA,NA,NA,NA,NA,NA,"Richmond","Duquesne",FALSE
"222",401724410,2025-02-05,"Richmond","Duquesne",222,2,"5:59",359,359,"Foul on Jack Graham.","home",61,50,11,2,FALSE,TRUE,0.951218349964042,0.960338468469074,3,4,-2.5,128.5,"Jeff Clark/Eric Lewis/Jeff  Pon","Richmond, VA","Robins Center",NA,5680,NA,NA,NA,NA,NA,NA,NA,NA,"Duquesne","Duquesne",FALSE
"223",401724410,2025-02-05,"Richmond","Duquesne",223,2,"5:59",359,359,"Official TV Timeout",NA,61,50,11,0,FALSE,FALSE,0.951218349964042,0.960338468469074,3,4,-2.5,128.5,"Jeff Clark/Eric Lewis/Jeff  Pon","Richmond, VA","Robins Center",NA,5680,NA,NA,NA,NA,NA,NA,NA,NA,"Duquesne","Duquesne",FALSE
"224",401724410,2025-02-05,"Richmond","Duquesne",224,2,"5:59",359,359,"Jahsean Corbett missed Free Throw.","away",61,50,11,0,FALSE,FALSE,0.951218349964042,0.960338468469074,3,4,-2.5,128.5,"Jeff Clark/Eric Lewis/Jeff  Pon","Richmond, VA","Robins Center",NA,5680,NA,NA,"Duquesne","missed","Jahsean Corbett",NA,FALSE,TRUE,"Duquesne","Duquesne",FALSE
"225",401724410,2025-02-05,"Richmond","Duquesne",225,2,"5:59",359,359,"Duquesne Offensive Rebound.","away",61,50,11,0,FALSE,FALSE,0.951218349964042,0.960338468469074,3,4,-2.5,128.5,"Jeff Clark/Eric Lewis/Jeff  Pon","Richmond, VA","Robins Center",NA,5680,NA,NA,NA,NA,NA,NA,NA,NA,"Duquesne","Duquesne",FALSE
"226",401724410,2025-02-05,"Richmond","Duquesne",226,2,"5:59",359,359,"Jahsean Corbett made Free Throw.","away",61,51,10,0,TRUE,FALSE,0.935876395335035,0.947707130858854,3,4,-2.5,128.5,"Jeff Clark/Eric Lewis/Jeff  Pon","Richmond, VA","Robins Center",NA,5680,NA,NA,"Duquesne","made","Jahsean Corbett",NA,FALSE,TRUE,"Duquesne","Richmond",FALSE
"227",401724410,2025-02-05,"Richmond","Duquesne",227,2,"5:30",330,330,"Mike Walz missed Jumper.","home",61,51,10,29,FALSE,FALSE,0.944478152879376,0.954490841497613,3,4,-2.5,128.5,"Jeff Clark/Eric Lewis/Jeff  Pon","Richmond, VA","Robins Center",NA,5680,NA,NA,"Richmond","missed","Mike Walz",NA,FALSE,FALSE,"Richmond","Duquesne",FALSE
"228",401724410,2025-02-05,"Richmond","Duquesne",228,2,"5:27",327,327,"Maximus Edwards Defensive Rebound.","away",61,51,10,3,FALSE,FALSE,0.945449690459714,0.955262772603897,3,4,-2.5,128.5,"Jeff Clark/Eric Lewis/Jeff  Pon","Richmond, VA","Robins Center",NA,5680,NA,NA,NA,NA,NA,NA,NA,NA,"Richmond","Duquesne",FALSE
"229",401724410,2025-02-05,"Richmond","Duquesne",229,2,"5:12",312,312,"Jahsean Corbett missed Layup.","away",61,51,10,15,FALSE,FALSE,0.950548491650185,0.959331380459426,3,4,-2.5,128.5,"Jeff Clark/Eric Lewis/Jeff  Pon","Richmond, VA","Robins Center",NA,5680,NA,NA,"Duquesne","missed","Jahsean Corbett",NA,FALSE,FALSE,"Duquesne","Duquesne",FALSE
"230",401724410,2025-02-05,"Richmond","Duquesne",230,2,"5:10",310,310,"Jahsean Corbett Offensive Rebound.","away",61,51,10,2,FALSE,FALSE,0.951257535423497,0.959899339187062,3,4,-2.5,128.5,"Jeff Clark/Eric Lewis/Jeff  Pon","Richmond, VA","Robins Center",NA,5680,NA,NA,NA,NA,NA,NA,NA,NA,"Duquesne","Duquesne",FALSE
"231",401724410,2025-02-05,"Richmond","Duquesne",231,2,"5:09",309,309,"Jahsean Corbett missed Layup.","away",61,51,10,1,FALSE,FALSE,0.951602398021377,0.960175438044492,3,4,-2.5,128.5,"Jeff Clark/Eric Lewis/Jeff  Pon","Richmond, VA","Robins Center",NA,5680,NA,NA,"Duquesne","missed","Jahsean Corbett",NA,FALSE,FALSE,"Duquesne","Duquesne",FALSE
"232",401724410,2025-02-05,"Richmond","Duquesne",232,2,"5:07",307,307,"Jahsean Corbett Offensive Rebound.","away",61,51,10,2,FALSE,FALSE,0.952226907581262,0.960673829557385,3,4,-2.5,128.5,"Jeff Clark/Eric Lewis/Jeff  Pon","Richmond, VA","Robins Center",NA,5680,NA,NA,NA,NA,NA,NA,NA,NA,"Duquesne","Duquesne",FALSE
"233",401724410,2025-02-05,"Richmond","Duquesne",233,2,"5:05",305,305,"Maximus Edwards missed Three Point Jumper.","away",61,51,10,2,FALSE,FALSE,0.952769662379696,0.961104745513883,3,4,-2.5,128.5,"Jeff Clark/Eric Lewis/Jeff  Pon","Richmond, VA","Robins Center",NA,5680,NA,NA,"Duquesne","missed","Maximus Edwards",NA,TRUE,FALSE,"Duquesne","Richmond",FALSE
"234",401724410,2025-02-05,"Richmond","Duquesne",234,2,"5:03",303,303,"Jason Roche Defensive Rebound.","home",61,51,10,2,FALSE,FALSE,0.953236430628803,0.961472913726942,3,4,-2.5,128.5,"Jeff Clark/Eric Lewis/Jeff  Pon","Richmond, VA","Robins Center",NA,5680,NA,NA,NA,NA,NA,NA,NA,NA,"Duquesne","Richmond",FALSE
"235",401724410,2025-02-05,"Richmond","Duquesne",235,2,"4:34",274,274,"Jason Roche made Three Point Jumper. Assisted by B. Artis White.","home",64,51,13,29,TRUE,FALSE,0.982070898205977,0.98519678158221,3,4,-2.5,128.5,"Jeff Clark/Eric Lewis/Jeff  Pon","Richmond, VA","Robins Center",NA,5680,NA,NA,"Richmond","made","Jason Roche","B Artis White",TRUE,FALSE,"Richmond","Duquesne",FALSE
"236",401724410,2025-02-05,"Richmond","Duquesne",236,2,"4:19",259,259,"Tre Dinkins made Three Point Jumper. Assisted by Jakub Necas.","away",64,54,10,15,TRUE,FALSE,0.952336590425362,0.960286370666455,3,4,-2.5,128.5,"Jeff Clark/Eric Lewis/Jeff  Pon","Richmond, VA","Robins Center",NA,5680,NA,NA,"Duquesne","made","Tre Dinkins","Jakub Necas",TRUE,FALSE,"Duquesne","Richmond",FALSE
"237",401724410,2025-02-05,"Richmond","Duquesne",237,2,"3:49",229,229,"Dusan Neskovic missed Jumper.","home",64,54,10,30,FALSE,FALSE,0.951034661619491,0.958862594480282,3,4,-2.5,128.5,"Jeff Clark/Eric Lewis/Jeff  Pon","Richmond, VA","Robins Center",NA,5680,NA,NA,"Richmond","missed","Dusan Neskovic",NA,FALSE,FALSE,"Richmond","Duquesne",FALSE
"238",401724410,2025-02-05,"Richmond","Duquesne",238,2,"3:47",227,227,"Jahsean Corbett Defensive Rebound.","away",64,54,10,2,FALSE,FALSE,0.951273854753438,0.959042016624338,3,4,-2.5,128.5,"Jeff Clark/Eric Lewis/Jeff  Pon","Richmond, VA","Robins Center",NA,5680,NA,NA,NA,NA,NA,NA,NA,NA,"Richmond","Duquesne",FALSE
"239",401724410,2025-02-05,"Richmond","Duquesne",239,2,"3:35",215,215,"Foul on Maximus Edwards.","away",64,54,10,12,FALSE,TRUE,0.954011429593745,0.961225179240947,3,4,-2.5,128.5,"Jeff Clark/Eric Lewis/Jeff  Pon","Richmond, VA","Robins Center",NA,5680,NA,NA,NA,NA,NA,NA,NA,NA,"Richmond","Richmond",FALSE
"240",401724410,2025-02-05,"Richmond","Duquesne",240,2,"3:35",215,215,"Maximus Edwards Turnover.","away",64,54,10,0,FALSE,FALSE,0.954011429593745,0.961225179240947,3,4,-2.5,128.5,"Jeff Clark/Eric Lewis/Jeff  Pon","Richmond, VA","Robins Center",NA,5680,NA,NA,NA,NA,NA,NA,NA,NA,"Richmond","Richmond",FALSE
"241",401724410,2025-02-05,"Richmond","Duquesne",241,2,"3:35",215,215,"Official TV Timeout",NA,64,54,10,0,FALSE,FALSE,0.954011429593745,0.961225179240947,3,4,-2.5,128.5,"Jeff Clark/Eric Lewis/Jeff  Pon","Richmond, VA","Robins Center",NA,5680,NA,NA,NA,NA,NA,NA,NA,NA,"Richmond","Richmond",FALSE
"242",401724410,2025-02-05,"Richmond","Duquesne",242,2,"3:27",207,207,"Jason Roche made Layup.","home",66,54,12,8,TRUE,FALSE,0.977311798808798,0.980896057147109,3,4,-2.5,128.5,"Jeff Clark/Eric Lewis/Jeff  Pon","Richmond, VA","Robins Center",NA,5680,NA,NA,"Richmond","made","Jason Roche",NA,FALSE,FALSE,"Richmond","Duquesne",FALSE
"243",401724410,2025-02-05,"Richmond","Duquesne",243,2,"3:27",207,207,"Foul on Tre Dinkins.","away",66,54,12,0,FALSE,TRUE,0.977311798808798,0.980896057147109,3,4,-2.5,128.5,"Jeff Clark/Eric Lewis/Jeff  Pon","Richmond, VA","Robins Center",NA,5680,NA,NA,NA,NA,NA,NA,NA,NA,"Richmond","Duquesne",FALSE
"244",401724410,2025-02-05,"Richmond","Duquesne",244,2,"3:27",207,207,"Jason Roche made Free Throw.","home",67,54,13,0,TRUE,FALSE,0.983555371289634,0.986167237297289,3,4,-2.5,128.5,"Jeff Clark/Eric Lewis/Jeff  Pon","Richmond, VA","Robins Center",NA,5680,NA,NA,"Richmond","made","Jason Roche",NA,FALSE,TRUE,"Richmond","Duquesne",FALSE
"245",401724410,2025-02-05,"Richmond","Duquesne",245,2,"3:12",192,192,"Tre Dinkins missed Three Point Jumper.","away",67,54,13,15,FALSE,FALSE,0.987744132711655,0.989646030672167,3,4,-2.5,128.5,"Jeff Clark/Eric Lewis/Jeff  Pon","Richmond, VA","Robins Center",NA,5680,NA,NA,"Duquesne","missed","Tre Dinkins",NA,TRUE,FALSE,"Duquesne","Duquesne",FALSE
"246",401724410,2025-02-05,"Richmond","Duquesne",246,2,"3:09",189,189,"Jakub Necas Offensive Rebound.","away",67,54,13,3,FALSE,FALSE,0.988682420338107,0.990430091068878,3,4,-2.5,128.5,"Jeff Clark/Eric Lewis/Jeff  Pon","Richmond, VA","Robins Center",NA,5680,NA,NA,NA,NA,NA,NA,NA,NA,"Duquesne","Duquesne",FALSE
"247",401724410,2025-02-05,"Richmond","Duquesne",247,2,"3:05",185,185,"Kareem Rozier missed Three Point Jumper.","away",67,54,13,4,FALSE,FALSE,0.989849335905154,0.991406253578471,3,4,-2.5,128.5,"Jeff Clark/Eric Lewis/Jeff  Pon","Richmond, VA","Robins Center",NA,5680,NA,NA,"Duquesne","missed","Kareem Rozier",NA,TRUE,FALSE,"Duquesne","Richmond",FALSE
"248",401724410,2025-02-05,"Richmond","Duquesne",248,2,"3:01",181,181,"B. Artis White Defensive Rebound.","home",67,54,13,4,FALSE,FALSE,0.990903279982095,0.992288838126627,3,4,-2.5,128.5,"Jeff Clark/Eric Lewis/Jeff  Pon","Richmond, VA","Robins Center",NA,5680,NA,NA,NA,NA,NA,NA,NA,NA,"Duquesne","Richmond",FALSE
"249",401724410,2025-02-05,"Richmond","Duquesne",249,2,"2:34",154,154,"Mikkel Tyne missed Jumper.","home",67,54,13,27,FALSE,FALSE,0.995880049979788,0.996475378689528,3,4,-2.5,128.5,"Jeff Clark/Eric Lewis/Jeff  Pon","Richmond, VA","Robins Center",NA,5680,NA,NA,"Richmond","missed","Mikkel Tyne",NA,FALSE,FALSE,"Richmond","Duquesne",FALSE
"250",401724410,2025-02-05,"Richmond","Duquesne",250,2,"2:33",153,153,"Duquesne Defensive Rebound.","away",67,54,13,1,FALSE,FALSE,0.996009941617402,0.996585270183758,3,4,-2.5,128.5,"Jeff Clark/Eric Lewis/Jeff  Pon","Richmond, VA","Robins Center",NA,5680,NA,NA,NA,NA,NA,NA,NA,NA,"Richmond","Duquesne",FALSE
"251",401724410,2025-02-05,"Richmond","Duquesne",251,2,"2:22",142,142,"Tre Dinkins made Three Point Jumper. Assisted by Jakub Necas.","away",67,57,10,11,TRUE,FALSE,0.988981422363073,0.99052079891148,3,4,-2.5,128.5,"Jeff Clark/Eric Lewis/Jeff  Pon","Richmond, VA","Robins Center",NA,5680,NA,NA,"Duquesne","made","Tre Dinkins","Jakub Necas",TRUE,FALSE,"Duquesne","Richmond",FALSE
"252",401724410,2025-02-05,"Richmond","Duquesne",252,2,"1:57",117,117,"Mikkel Tyne Turnover.","home",67,57,10,25,FALSE,FALSE,0.994893484806052,0.995566206941351,3,4,-2.5,128.5,"Jeff Clark/Eric Lewis/Jeff  Pon","Richmond, VA","Robins Center",NA,5680,NA,NA,NA,NA,NA,NA,NA,NA,"Richmond","Duquesne",FALSE
"253",401724410,2025-02-05,"Richmond","Duquesne",253,2,"1:57",117,117,"Kareem Rozier Steal.","away",67,57,10,0,FALSE,FALSE,0.994893484806052,0.995566206941351,3,4,-2.5,128.5,"Jeff Clark/Eric Lewis/Jeff  Pon","Richmond, VA","Robins Center",NA,5680,NA,NA,NA,NA,NA,NA,NA,NA,"Richmond","Duquesne",FALSE
"254",401724410,2025-02-05,"Richmond","Duquesne",254,2,"1:53",113,113,"Kareem Rozier made Layup.","away",67,59,8,4,TRUE,FALSE,0.986673675564676,0.988397403099338,3,4,-2.5,128.5,"Jeff Clark/Eric Lewis/Jeff  Pon","Richmond, VA","Robins Center",NA,5680,NA,NA,"Duquesne","made","Kareem Rozier",NA,FALSE,FALSE,"Duquesne","Richmond",FALSE
"255",401724410,2025-02-05,"Richmond","Duquesne",255,2,"1:38",98,98,"Mikkel Tyne Turnover.","home",67,59,8,15,FALSE,FALSE,0.991707381134826,0.992738262156271,3,4,-2.5,128.5,"Jeff Clark/Eric Lewis/Jeff  Pon","Richmond, VA","Robins Center",NA,5680,NA,NA,NA,NA,NA,NA,NA,NA,"Richmond","Duquesne",FALSE
"256",401724410,2025-02-05,"Richmond","Duquesne",256,2,"1:38",98,98,"Kareem Rozier Steal.","away",67,59,8,0,FALSE,FALSE,0.991707381134826,0.992738262156271,3,4,-2.5,128.5,"Jeff Clark/Eric Lewis/Jeff  Pon","Richmond, VA","Robins Center",NA,5680,NA,NA,NA,NA,NA,NA,NA,NA,"Richmond","Duquesne",FALSE
"257",401724410,2025-02-05,"Richmond","Duquesne",257,2,"1:35",95,95,"Foul on B. Artis White.","home",67,59,8,3,FALSE,TRUE,0.992532347678393,0.993452713528921,3,4,-2.5,128.5,"Jeff Clark/Eric Lewis/Jeff  Pon","Richmond, VA","Robins Center",NA,5680,NA,NA,NA,NA,NA,NA,NA,NA,"Duquesne","Duquesne",FALSE
"258",401724410,2025-02-05,"Richmond","Duquesne",258,2,"1:35",95,95,"Kareem Rozier made Free Throw.","away",67,60,7,0,TRUE,FALSE,0.986100589839567,0.987803910121121,3,4,-2.5,128.5,"Jeff Clark/Eric Lewis/Jeff  Pon","Richmond, VA","Robins Center",NA,5680,NA,NA,"Duquesne","made","Kareem Rozier",NA,FALSE,TRUE,"Duquesne","Duquesne",FALSE
"259",401724410,2025-02-05,"Richmond","Duquesne",259,2,"1:35",95,95,"Kareem Rozier made Free Throw.","away",67,61,6,0,TRUE,FALSE,0.97427286120006,0.977392394678758,3,4,-2.5,128.5,"Jeff Clark/Eric Lewis/Jeff  Pon","Richmond, VA","Robins Center",NA,5680,NA,NA,"Duquesne","made","Kareem Rozier",NA,FALSE,TRUE,"Duquesne","Richmond",FALSE
"260",401724410,2025-02-05,"Richmond","Duquesne",260,2,"1:35",95,95,"Duquesne Timeout","away",67,61,6,0,FALSE,FALSE,0.97427286120006,0.977392394678758,2,4,-2.5,128.5,"Jeff Clark/Eric Lewis/Jeff  Pon","Richmond, VA","Robins Center",NA,5680,NA,NA,NA,NA,NA,NA,NA,NA,"Richmond","Duquesne",FALSE
"261",401724410,2025-02-05,"Richmond","Duquesne",261,2,"1:10",70,70,"Dusan Neskovic Turnover.","home",67,61,6,25,FALSE,FALSE,0.987216919765713,0.988657977258002,2,4,-2.5,128.5,"Jeff Clark/Eric Lewis/Jeff  Pon","Richmond, VA","Robins Center",NA,5680,NA,NA,NA,NA,NA,NA,NA,NA,"Richmond","Duquesne",FALSE
"262",401724410,2025-02-05,"Richmond","Duquesne",262,2,"1:10",70,70,"Maximus Edwards Steal.","away",67,61,6,0,FALSE,FALSE,0.987216919765713,0.988657977258002,2,4,-2.5,128.5,"Jeff Clark/Eric Lewis/Jeff  Pon","Richmond, VA","Robins Center",NA,5680,NA,NA,NA,NA,NA,NA,NA,NA,"Richmond","Duquesne",FALSE
"263",401724410,2025-02-05,"Richmond","Duquesne",263,2,"1:06",66,66,"Tre Dinkins Turnover.","away",67,61,6,4,FALSE,FALSE,0.988704042971644,0.989960417541876,2,4,-2.5,128.5,"Jeff Clark/Eric Lewis/Jeff  Pon","Richmond, VA","Robins Center",NA,5680,NA,NA,NA,NA,NA,NA,NA,NA,"Duquesne","Richmond",FALSE
"264",401724410,2025-02-05,"Richmond","Duquesne",264,2,"1:01",61,61,"Mikkel Tyne Turnover.","home",67,61,6,5,FALSE,FALSE,0.990356059417972,0.991410040571747,2,4,-2.5,128.5,"Jeff Clark/Eric Lewis/Jeff  Pon","Richmond, VA","Robins Center",NA,5680,NA,NA,NA,NA,NA,NA,NA,NA,"Richmond","Duquesne",FALSE
"265",401724410,2025-02-05,"Richmond","Duquesne",265,2,"1:01",61,61,"Tre Dinkins Steal.","away",67,61,6,0,FALSE,FALSE,0.990356059417972,0.991410040571747,2,4,-2.5,128.5,"Jeff Clark/Eric Lewis/Jeff  Pon","Richmond, VA","Robins Center",NA,5680,NA,NA,NA,NA,NA,NA,NA,NA,"Richmond","Duquesne",FALSE
"266",401724410,2025-02-05,"Richmond","Duquesne",266,2,"0:51",51,51,"Maximus Edwards made Jumper.","away",67,63,4,10,TRUE,FALSE,0.963455545513036,0.967199448474247,2,4,-2.5,128.5,"Jeff Clark/Eric Lewis/Jeff  Pon","Richmond, VA","Robins Center",NA,5680,NA,NA,"Duquesne","made","Maximus Edwards",NA,FALSE,FALSE,"Duquesne","Richmond",FALSE
"267",401724410,2025-02-05,"Richmond","Duquesne",267,2,"0:49",49,49,"Foul on Jahsean Corbett.","away",67,63,4,2,FALSE,TRUE,0.965045642030778,0.968602129478467,2,4,-2.5,128.5,"Jeff Clark/Eric Lewis/Jeff  Pon","Richmond, VA","Robins Center",NA,5680,NA,NA,NA,NA,NA,NA,NA,NA,"Richmond","Richmond",FALSE
"268",401724410,2025-02-05,"Richmond","Duquesne",268,2,"0:44",44,44,"Foul on Jakub Necas.","away",67,63,4,5,FALSE,TRUE,0.968809440824948,0.971926673661678,2,4,-2.5,128.5,"Jeff Clark/Eric Lewis/Jeff  Pon","Richmond, VA","Robins Center",NA,5680,NA,NA,NA,NA,NA,NA,NA,NA,"Richmond","Richmond",FALSE
"269",401724410,2025-02-05,"Richmond","Duquesne",269,2,"0:44",44,44,"Dusan Neskovic made Free Throw.","home",68,63,5,0,TRUE,FALSE,0.986901436410278,0.988232489510223,2,4,-2.5,128.5,"Jeff Clark/Eric Lewis/Jeff  Pon","Richmond, VA","Robins Center",NA,5680,NA,NA,"Richmond","made","Dusan Neskovic",NA,FALSE,TRUE,"Richmond","Richmond",FALSE
"270",401724410,2025-02-05,"Richmond","Duquesne",270,2,"0:44",44,44,"Dusan Neskovic made Free Throw.","home",69,63,6,0,TRUE,FALSE,0.994558167460009,0.995115008236088,2,4,-2.5,128.5,"Jeff Clark/Eric Lewis/Jeff  Pon","Richmond, VA","Robins Center",NA,5680,NA,NA,"Richmond","made","Dusan Neskovic",NA,FALSE,TRUE,"Richmond","Duquesne",FALSE
"271",401724410,2025-02-05,"Richmond","Duquesne",271,2,"0:36",36,36,"Jahsean Corbett made Layup. Assisted by Tre Dinkins.","away",69,65,4,8,TRUE,FALSE,0.974216199431189,0.976714746701516,2,4,-2.5,128.5,"Jeff Clark/Eric Lewis/Jeff  Pon","Richmond, VA","Robins Center",NA,5680,NA,NA,"Duquesne","made","Jahsean Corbett","Tre Dinkins",FALSE,FALSE,"Duquesne","Richmond",FALSE
"272",401724410,2025-02-05,"Richmond","Duquesne",272,2,"0:30",30,30,"Richmond Timeout","home",69,65,4,6,FALSE,FALSE,0.977774027476269,0.979874628532239,2,3,-2.5,128.5,"Jeff Clark/Eric Lewis/Jeff  Pon","Richmond, VA","Robins Center",NA,5680,NA,NA,NA,NA,NA,NA,NA,NA,"Richmond","Richmond",FALSE
"273",401724410,2025-02-05,"Richmond","Duquesne",273,2,"0:27",27,27,"Foul on Tre Dinkins.","away",69,65,4,3,FALSE,TRUE,0.97939696068237,0.981318819401515,2,3,-2.5,128.5,"Jeff Clark/Eric Lewis/Jeff  Pon","Richmond, VA","Robins Center",NA,5680,NA,NA,NA,NA,NA,NA,NA,NA,"Richmond","Richmond",FALSE
"274",401724410,2025-02-05,"Richmond","Duquesne",274,2,"0:27",27,27,"Mikkel Tyne made Free Throw.","home",70,65,5,0,TRUE,FALSE,0.992246626275714,0.992978456908134,2,3,-2.5,128.5,"Jeff Clark/Eric Lewis/Jeff  Pon","Richmond, VA","Robins Center",NA,5680,NA,NA,"Richmond","made","Mikkel Tyne",NA,FALSE,TRUE,"Richmond","Richmond",FALSE
"275",401724410,2025-02-05,"Richmond","Duquesne",275,2,"0:27",27,27,"Mikkel Tyne made Free Throw.","home",71,65,6,0,TRUE,FALSE,0.99710591735708,0.997380296915321,2,3,-2.5,128.5,"Jeff Clark/Eric Lewis/Jeff  Pon","Richmond, VA","Robins Center",NA,5680,NA,NA,"Richmond","made","Mikkel Tyne",NA,FALSE,TRUE,"Richmond","Duquesne",FALSE
"276",401724410,2025-02-05,"Richmond","Duquesne",276,2,"0:18",18,18,"Tre Dinkins made Three Point Jumper.","away",71,68,3,9,TRUE,FALSE,0.95484506847389,0.958776231556311,2,3,-2.5,128.5,"Jeff Clark/Eric Lewis/Jeff  Pon","Richmond, VA","Robins Center",NA,5680,NA,NA,"Duquesne","made","Tre Dinkins",NA,TRUE,FALSE,"Duquesne","Richmond",FALSE
"277",401724410,2025-02-05,"Richmond","Duquesne",277,2,"0:10",10,10,"Foul on Kareem Rozier.","away",71,68,3,8,FALSE,TRUE,0.961617313045846,0.964836116756869,2,3,-2.5,128.5,"Jeff Clark/Eric Lewis/Jeff  Pon","Richmond, VA","Robins Center",NA,5680,NA,NA,NA,NA,NA,NA,NA,NA,"Richmond","Richmond",FALSE
"278",401724410,2025-02-05,"Richmond","Duquesne",278,2,"0:10",10,10,"Dusan Neskovic made Free Throw.","home",72,68,4,0,TRUE,FALSE,0.986939156100545,0.988060814162068,2,3,-2.5,128.5,"Jeff Clark/Eric Lewis/Jeff  Pon","Richmond, VA","Robins Center",NA,5680,NA,NA,"Richmond","made","Dusan Neskovic",NA,FALSE,TRUE,"Richmond","Richmond",FALSE
"279",401724410,2025-02-05,"Richmond","Duquesne",279,2,"0:10",10,10,"Dusan Neskovic made Free Throw.","home",73,68,5,0,TRUE,FALSE,0.995631551008013,0.99600972914415,2,3,-2.5,128.5,"Jeff Clark/Eric Lewis/Jeff  Pon","Richmond, VA","Robins Center",NA,5680,NA,NA,"Richmond","made","Dusan Neskovic",NA,FALSE,TRUE,"Richmond","Duquesne",FALSE
"280",401724410,2025-02-05,"Richmond","Duquesne",280,2,"0:02",2,2,"Tre Dinkins missed Three Point Jumper.","away",73,68,5,8,FALSE,FALSE,0.996732673710856,0.997002864003005,2,3,-2.5,128.5,"Jeff Clark/Eric Lewis/Jeff  Pon","Richmond, VA","Robins Center",NA,5680,NA,NA,"Duquesne","missed","Tre Dinkins",NA,TRUE,FALSE,"Duquesne","Richmond",FALSE
"281",401724410,2025-02-05,"Richmond","Duquesne",281,2,"0:00",0,0,"B. Artis White Defensive Rebound.","home",73,68,5,2,FALSE,FALSE,1,1,2,3,-2.5,128.5,"Jeff Clark/Eric Lewis/Jeff  Pon","Richmond, VA","Robins Center",NA,5680,NA,NA,NA,NA,NA,NA,NA,NA,"Duquesne","Richmond",FALSE
"282",401724410,2025-02-05,"Richmond","Duquesne",282,2,"0:00",0,0,"End of 2nd half",NA,73,68,5,0,FALSE,FALSE,1,1,2,3,-2.5,128.5,"Jeff Clark/Eric Lewis/Jeff  Pon","Richmond, VA","Robins Center",NA,5680,NA,NA,NA,NA,NA,NA,NA,NA,"Richmond",NA,FALSE
"283",401724410,2025-02-05,"Richmond","Duquesne",283,2,"0:00",0,0,"End of Game",NA,73,68,5,0,FALSE,FALSE,1,1,2,3,-2.5,128.5,"Jeff Clark/Eric Lewis/Jeff  Pon","Richmond, VA","Robins Center",NA,5680,NA,NA,NA,NA,NA,NA,NA,NA,"Richmond",NA,FALSE
