participant_id,photo_id,photo_color,X1995_emotion_rating,X2005_emotion_rating,X1995_accuracy_rating,X2005_accuracy_rating,X1995_engagement_rating,X2005_engagement_rating
1,150,sepia,4,8,8,1,6,3
1,150,full_color,6,9,10,9,1,5
1,199,full_color,10,10,1,2,8,1
1,148,sepia,1,6,1,4,8,5
1,170,sepia,5,2,8,10,4,7
1,103,black_white,5,2,5,3,7,2
1,149,black_white,5,1,2,2,5,2
1,111,sepia,5,10,6,3,7,5
1,126,black_white,6,10,4,9,1,4
1,106,full_color,8,10,7,8,2,6
1,110,full_color,7,10,1,5,5,1
1,133,sepia,2,5,10,10,1,1
1,174,full_color,2,5,10,3,7,1
1,102,full_color,10,10,4,7,6,5
1,122,black_white,5,10,3,6,2,2
1,165,black_white,7,5,1,7,6,3
1,191,full_color,9,10,7,10,3,1
1,112,black_white,3,4,9,6,1,2
1,150,sepia,7,10,8,6,7,5
1,150,black_white,2,10,9,8,5,3
2,147,sepia,3,3,6,6,1,6
2,194,full_color,10,10,10,6,3,8
2,171,sepia,7,5,1,9,6,4
2,137,full_color,8,10,5,3,4,7
2,150,sepia,1,2,4,2,2,1
2,148,full_color,9,10,7,9,3,1
2,110,sepia,3,9,3,4,6,6
2,140,sepia,4,9,1,5,5,1
2,122,full_color,7,10,1,3,3,8
2,178,black_white,9,6,1,9,8,3
2,133,full_color,2,5,9,5,3,1
2,189,black_white,8,2,6,7,2,2
2,143,sepia,6,7,2,3,8,7
2,105,sepia,3,7,4,4,1,3
2,121,black_white,4,6,1,8,1,8
2,108,sepia,2,6,3,8,2,7
2,145,black_white,2,6,2,1,2,4
2,141,black_white,10,9,10,4,3,7
2,145,full_color,6,9,1,3,3,5
2,118,full_color,4,7,7,10,1,2
3,190,black_white,3,8,7,7,8,8
3,157,sepia,6,2,9,3,6,10
3,174,sepia,8,6,7,9,10,8
3,120,black_white,6,8,9,9,8,10
3,121,full_color,5,8,9,2,9,10
3,115,sepia,10,5,1,3,10,10
3,139,black_white,10,2,1,1,10,5
3,155,sepia,9,5,1,4,9,4
3,154,full_color,5,8,9,1,7,10
3,189,full_color,9,10,3,6,10,8
3,123,full_color,5,8,5,10,10,8
3,190,full_color,4,7,1,5,10,8
3,117,sepia,3,2,4,10,10,10
3,182,black_white,5,9,2,9,5,5
3,168,black_white,5,2,3,8,7,8
3,142,black_white,7,1,5,5,8,9
3,164,full_color,7,10,4,1,10,10
3,101,sepia,2,3,6,4,8,10
3,136,full_color,10,10,6,10,10,10
3,165,sepia,1,10,2,10,4,9
4,168,full_color,8,10,2,8,3,3
4,199,sepia,5,1,10,5,1,1
4,105,sepia,6,4,6,7,7,8
4,136,sepia,1,3,6,3,1,1
4,152,sepia,2,1,5,8,2,8
4,178,black_white,7,2,3,5,2,8
4,143,black_white,4,10,6,3,1,1
4,153,full_color,4,7,5,8,2,2
4,197,full_color,8,10,8,1,1,1
4,177,full_color,3,6,4,4,1,8
4,132,full_color,9,10,9,3,4,1
4,159,full_color,4,7,6,1,6,1
4,114,full_color,9,10,10,6,8,2
4,129,full_color,5,8,3,1,1,4
4,198,sepia,6,4,4,3,6,1
4,130,sepia,9,4,5,4,7,5
4,123,black_white,3,9,5,6,5,4
4,179,full_color,4,7,6,5,7,5
4,166,black_white,6,1,8,5,8,4
4,101,sepia,7,2,6,5,3,8
5,149,sepia,5,10,10,1,1,1
5,177,black_white,4,9,1,6,7,7
5,108,black_white,8,2,1,7,3,3
5,165,black_white,8,8,9,10,4,3
5,118,full_color,8,10,4,5,4,2
5,188,full_color,9,10,8,4,8,3
5,193,full_color,7,10,10,6,3,1
5,111,black_white,6,9,5,3,7,5
5,166,sepia,3,4,10,4,1,7
5,109,full_color,5,8,9,2,2,2
5,165,sepia,4,8,8,6,1,1
5,121,sepia,4,4,6,4,6,1
5,151,full_color,9,10,10,1,7,3
5,179,sepia,3,8,8,5,1,1
5,175,sepia,10,6,9,8,2,6
5,102,full_color,2,5,6,2,4,1
5,192,sepia,5,2,7,4,7,1
5,167,full_color,10,10,1,5,2,6
5,187,full_color,4,7,4,5,8,3
5,179,sepia,7,4,4,4,5,2
6,132,black_white,8,4,7,10,1,1
6,198,black_white,10,2,7,9,1,2
6,115,full_color,6,9,10,3,4,4
6,106,sepia,3,3,6,2,1,4
6,122,black_white,8,7,5,10,5,6
6,111,full_color,3,6,3,6,1,8
6,114,full_color,10,10,2,9,1,1
6,129,full_color,4,7,9,1,1,7
6,175,black_white,6,1,2,9,8,1
6,108,full_color,7,10,2,10,1,4
6,194,sepia,6,4,8,5,2,6
6,122,sepia,4,3,3,6,8,4
6,119,full_color,7,10,10,4,8,7
6,171,sepia,9,3,5,4,4,1
6,103,full_color,5,8,6,6,3,6
6,200,full_color,3,6,9,2,7,6
6,153,full_color,6,9,9,9,5,6
6,186,full_color,1,4,2,8,1,6
6,194,sepia,2,1,6,4,1,5
6,195,black_white,2,8,10,8,5,5
7,170,black_white,3,2,4,3,8,7
7,103,full_color,4,7,1,4,6,2
7,178,black_white,5,6,10,4,1,1
7,125,sepia,1,4,4,8,2,6
7,134,full_color,3,6,9,9,8,5
7,134,full_color,7,10,1,4,4,7
7,170,full_color,2,5,1,6,3,2
7,197,full_color,1,4,4,6,3,5
7,107,sepia,6,2,5,1,7,6
7,106,sepia,4,4,4,9,8,1
7,187,full_color,9,10,5,4,7,3
7,145,sepia,5,8,4,3,4,3
7,109,sepia,1,1,8,8,1,5
7,105,full_color,9,10,3,5,7,8
7,174,sepia,3,6,8,7,1,2
7,106,full_color,9,10,6,6,1,1
7,186,sepia,8,1,3,4,6,5
7,104,sepia,8,2,2,4,7,3
7,130,full_color,1,4,4,9,7,1
7,199,black_white,8,7,9,8,8,7
8,186,sepia,10,3,3,1,1,8
8,181,sepia,5,7,10,5,4,1
8,116,sepia,9,8,3,5,1,8
8,116,sepia,7,10,2,8,2,3
8,105,sepia,5,10,5,4,1,6
8,142,sepia,6,10,10,10,5,1
8,127,sepia,1,9,9,4,3,1
8,132,full_color,7,10,5,5,1,2
8,190,sepia,5,7,6,8,4,7
8,175,full_color,4,7,4,7,4,1
8,151,sepia,6,5,3,8,2,1
8,200,full_color,8,10,1,5,7,7
8,153,sepia,4,1,3,10,2,6
8,168,black_white,9,10,10,8,8,1
8,168,black_white,4,6,9,8,1,1
8,132,full_color,2,5,8,7,1,1
8,107,black_white,2,2,4,8,2,5
8,108,sepia,1,6,6,2,2,3
8,194,black_white,10,6,3,5,7,7
8,140,full_color,8,10,8,2,5,4
9,109,black_white,9,4,6,3,5,4
9,189,sepia,7,5,4,2,1,5
9,119,full_color,8,10,2,5,1,1
9,180,full_color,6,9,9,4,6,1
9,142,sepia,1,7,4,7,6,6
9,137,sepia,4,4,7,2,2,3
9,197,sepia,7,8,7,1,3,3
9,189,black_white,4,2,4,8,8,1
9,124,sepia,4,6,2,5,1,5
9,157,black_white,10,10,6,3,2,8
9,123,black_white,4,1,9,1,7,1
9,195,sepia,4,6,9,5,5,8
9,196,full_color,3,6,2,5,8,5
9,107,black_white,1,10,1,7,5,6
9,151,black_white,1,9,1,6,1,3
9,112,full_color,3,6,8,10,4,4
9,188,full_color,1,4,2,10,5,4
9,155,black_white,6,8,1,9,3,1
9,106,sepia,9,9,6,9,3,1
9,192,sepia,10,6,10,10,5,8
10,192,sepia,10,10,8,4,1,5
10,116,full_color,4,7,8,10,6,4
10,183,full_color,8,10,3,7,1,5
10,116,black_white,4,10,4,2,8,7
10,174,full_color,6,9,4,10,8,3
10,199,black_white,10,8,8,8,3,6
10,174,sepia,9,2,7,2,8,3
10,168,black_white,10,4,9,1,1,5
10,192,sepia,2,9,10,5,3,1
10,154,sepia,2,3,9,6,3,8
10,169,sepia,8,1,7,9,6,1
10,143,full_color,2,5,6,3,3,2
10,115,full_color,4,7,4,8,1,5
10,118,sepia,6,10,4,1,1,1
10,121,sepia,10,9,4,10,4,5
10,157,black_white,2,8,10,4,7,1
10,175,black_white,2,3,4,5,2,8
10,121,full_color,6,9,1,6,3,6
10,160,black_white,8,4,4,7,5,8
10,189,full_color,10,10,1,5,4,8
11,141,full_color,2,5,8,10,4,5
11,130,black_white,8,4,10,6,10,10
11,199,sepia,6,9,6,1,9,5
11,176,full_color,5,8,1,4,10,9
11,175,sepia,2,5,4,3,6,10
11,166,full_color,1,4,6,3,10,5
11,135,black_white,8,2,5,5,9,5
11,121,black_white,10,8,8,2,5,10
11,158,black_white,10,7,4,7,6,5
11,192,sepia,1,1,4,3,4,4
11,139,sepia,2,2,4,4,10,5
11,173,full_color,3,6,3,3,7,10
11,153,sepia,10,1,5,10,10,4
11,138,full_color,4,7,5,6,9,4
11,193,full_color,2,5,10,4,10,10
11,154,sepia,6,8,1,10,4,9
11,144,sepia,5,6,3,2,5,4
11,145,sepia,4,1,3,1,6,10
11,105,full_color,5,8,6,7,10,7
11,115,full_color,10,10,6,5,4,5
12,198,sepia,1,7,2,5,6,5
12,166,black_white,3,3,4,8,7,10
12,180,full_color,9,10,7,9,9,5
12,111,full_color,3,6,8,10,10,9
12,123,full_color,7,10,5,1,6,9
12,164,black_white,5,3,3,9,7,10
12,164,sepia,6,10,5,4,7,9
12,142,sepia,6,1,5,9,10,4
12,173,full_color,10,10,8,6,10,9
12,195,black_white,9,2,10,2,5,10
12,192,full_color,5,8,3,3,6,5
12,182,full_color,9,10,8,6,10,10
12,166,full_color,5,8,1,3,4,10
12,160,full_color,4,7,4,9,10,4
12,127,sepia,6,4,8,1,9,10
12,175,sepia,4,2,8,1,10,8
12,176,sepia,3,8,9,2,10,5
12,111,black_white,3,3,4,7,10,10
12,103,sepia,3,2,7,4,6,9
12,113,black_white,9,5,3,4,8,6
13,141,sepia,9,5,2,7,6,1
13,155,full_color,2,5,5,7,7,5
13,132,sepia,6,4,8,7,3,3
13,127,sepia,1,5,2,7,1,7
13,108,black_white,10,4,10,4,2,1
13,198,sepia,10,7,9,9,1,2
13,115,black_white,4,1,3,7,3,1
13,193,full_color,4,7,8,7,1,5
13,148,sepia,4,4,2,5,1,2
13,103,black_white,6,7,3,5,2,6
13,101,sepia,1,3,8,2,2,1
13,149,black_white,6,2,2,3,1,1
13,129,sepia,10,5,1,6,4,2
13,121,sepia,10,3,8,4,3,6
13,137,black_white,7,3,5,1,4,4
13,162,full_color,9,10,8,7,8,4
13,173,sepia,9,2,1,5,3,7
13,134,sepia,9,5,9,9,2,2
13,121,full_color,3,6,6,1,2,7
13,166,full_color,4,7,2,1,6,3
14,106,full_color,6,9,7,10,5,8
14,183,full_color,4,7,8,2,1,6
14,193,black_white,5,5,1,8,3,6
14,166,sepia,4,3,6,3,6,6
14,194,black_white,7,2,1,9,4,2
14,159,full_color,1,4,8,2,4,2
14,101,sepia,5,5,4,8,1,1
14,184,sepia,1,6,1,3,7,4
14,143,full_color,2,5,7,9,1,7
14,170,black_white,3,10,10,8,4,1
14,172,black_white,6,1,6,9,1,2
14,168,sepia,10,3,10,5,1,6
14,196,sepia,1,8,9,2,2,7
14,191,full_color,7,10,10,10,1,5
14,118,black_white,1,2,4,9,6,4
14,145,full_color,3,6,8,6,1,2
14,189,full_color,4,7,10,5,5,6
14,153,sepia,7,1,9,9,1,6
14,181,black_white,10,8,6,9,7,1
14,156,full_color,3,6,8,9,8,1
15,131,black_white,2,7,7,7,3,1
15,177,black_white,7,5,10,6,8,1
15,143,black_white,10,9,9,5,3,1
15,197,full_color,4,7,5,2,8,6
15,109,black_white,7,1,1,1,2,4
15,155,black_white,6,8,2,7,1,1
15,186,full_color,8,10,9,6,1,8
15,196,full_color,4,7,7,6,5,1
15,124,sepia,9,1,5,2,1,5
15,136,sepia,8,10,8,5,7,3
15,105,full_color,1,4,9,5,1,5
15,179,black_white,10,9,8,6,2,6
15,193,black_white,2,7,10,1,5,1
15,101,sepia,2,4,6,8,2,1
15,161,sepia,5,10,10,8,4,2
15,185,sepia,10,8,1,3,1,1
15,143,black_white,6,9,10,7,5,7
15,128,full_color,3,6,4,5,8,5
15,121,sepia,10,7,3,2,1,1
15,108,black_white,1,1,4,9,2,3
16,172,sepia,6,3,4,10,10,7
16,183,full_color,5,8,9,8,5,9
16,116,full_color,3,6,4,2,7,10
16,114,sepia,9,7,2,3,4,7
16,181,black_white,9,7,7,7,10,10
16,195,black_white,8,2,4,3,9,7
16,189,black_white,7,10,9,8,8,10
16,171,full_color,1,4,9,4,5,7
16,192,sepia,2,4,3,6,8,10
16,167,black_white,10,6,9,6,7,6
16,119,black_white,1,10,4,6,10,8
16,108,black_white,1,2,6,8,10,7
16,109,black_white,6,5,2,9,9,6
16,144,sepia,9,1,7,10,10,5
16,174,sepia,9,3,8,1,10,7
16,191,full_color,6,9,3,7,10,10
16,141,full_color,9,10,4,9,5,4
16,127,black_white,10,2,1,8,7,10
16,116,black_white,2,7,5,2,10,8
16,113,black_white,7,5,8,1,9,7
17,139,sepia,10,7,6,5,10,6
17,131,black_white,7,3,10,6,4,4
17,163,sepia,10,6,5,3,7,9
17,134,black_white,9,5,1,10,10,5
17,136,black_white,1,7,8,2,7,9
17,111,black_white,2,4,6,9,10,6
17,159,black_white,9,8,6,10,7,5
17,166,full_color,7,10,6,4,7,10
17,180,black_white,5,8,10,4,10,6
17,118,black_white,5,10,10,10,10,10
17,126,black_white,2,3,1,7,4,10
17,101,black_white,1,10,8,1,8,10
17,137,full_color,6,9,10,10,4,10
17,127,black_white,5,8,4,8,4,4
17,134,full_color,2,5,9,6,9,10
17,168,full_color,4,7,4,10,4,5
17,171,black_white,7,10,2,2,7,7
17,103,sepia,7,7,7,3,5,5
17,175,sepia,9,4,5,3,5,4
17,161,full_color,7,10,10,10,8,5
18,162,sepia,8,7,1,5,8,1
18,159,sepia,5,10,5,8,4,8
18,112,black_white,2,1,7,1,1,5
18,113,black_white,4,4,7,8,6,2
18,114,sepia,8,2,6,4,6,6
18,180,full_color,6,9,3,1,2,4
18,181,sepia,9,5,4,8,6,1
18,126,full_color,8,10,7,2,2,2
18,147,full_color,10,10,8,1,4,1
18,137,sepia,5,3,5,10,1,1
18,125,black_white,10,1,4,7,7,1
18,147,black_white,2,1,10,2,8,6
18,123,black_white,7,9,7,6,3,2
18,137,full_color,1,4,6,5,2,2
18,142,black_white,6,4,8,8,5,6
18,146,sepia,2,1,7,7,4,7
18,152,black_white,3,8,2,8,3,2
18,120,full_color,4,7,4,3,4,4
18,119,black_white,9,6,5,3,1,5
18,120,sepia,4,5,10,10,6,2
19,160,black_white,9,1,5,5,1,1
19,176,sepia,8,9,2,6,1,3
19,185,black_white,2,1,4,5,1,4
19,104,black_white,6,6,4,9,4,7
19,125,black_white,4,3,6,9,1,1
19,129,full_color,4,7,3,4,5,4
19,151,sepia,3,7,4,10,3,1
19,151,full_color,7,10,4,9,7,1
19,147,black_white,4,8,9,9,8,7
19,128,sepia,1,8,2,5,6,1
19,116,black_white,9,5,3,7,3,4
19,185,full_color,1,4,6,5,6,3
19,196,black_white,5,9,7,7,6,6
19,163,black_white,7,10,9,4,1,5
19,119,sepia,10,6,8,3,7,3
19,136,full_color,9,10,7,1,1,1
19,102,full_color,1,4,9,4,1,2
19,131,sepia,3,2,3,6,2,2
19,149,black_white,8,9,9,9,2,1
19,169,sepia,10,9,5,2,5,8
20,107,sepia,2,5,7,10,8,7
20,157,full_color,10,10,6,5,10,4
20,172,sepia,2,5,6,4,10,4
20,118,full_color,9,10,2,8,10,10
20,149,black_white,9,10,3,9,7,5
20,197,sepia,4,7,5,6,8,8
20,151,sepia,5,6,7,7,10,10
20,161,black_white,7,3,9,4,10,7
20,196,full_color,1,4,9,1,6,5
20,151,black_white,2,10,3,7,10,9
20,123,full_color,1,4,7,6,10,10
20,183,full_color,10,10,10,6,4,4
20,188,sepia,2,6,2,5,10,10
20,198,full_color,5,8,6,1,8,5
20,189,black_white,3,10,10,6,9,10
20,109,sepia,7,6,7,8,6,7
20,144,black_white,5,8,1,2,10,8
20,130,sepia,4,9,7,6,6,5
20,118,full_color,9,10,7,10,10,7
20,167,black_white,8,10,4,4,10,7
21,144,black_white,10,7,5,9,5,6
21,180,full_color,5,8,1,9,7,4
21,129,full_color,8,10,9,10,1,7
21,155,black_white,4,9,8,4,1,2
21,158,full_color,8,10,8,3,7,6
21,108,full_color,5,8,7,4,1,1
21,136,full_color,5,8,6,7,1,6
21,154,black_white,8,1,1,4,1,4
21,176,full_color,4,7,4,2,7,5
21,171,sepia,1,7,10,3,1,1
21,183,black_white,6,10,10,3,6,6
21,134,sepia,6,7,9,6,6,5
21,196,sepia,8,2,4,4,6,1
21,200,sepia,2,9,2,7,4,1
21,164,black_white,7,3,5,10,1,8
21,115,sepia,3,10,4,9,7,2
21,121,sepia,1,1,3,1,8,6
21,176,sepia,9,3,9,7,2,3
21,108,sepia,3,7,8,8,5,1
21,199,black_white,4,4,3,4,3,8
22,105,black_white,7,1,5,3,8,4
22,191,full_color,9,10,1,2,1,3
22,153,black_white,6,3,10,3,2,4
22,159,black_white,1,7,6,8,1,1
22,102,black_white,8,5,10,10,3,7
22,153,sepia,10,3,5,8,4,1
22,110,sepia,9,5,1,6,1,3
22,131,black_white,5,4,8,4,1,1
22,190,full_color,7,10,8,2,1,8
22,162,full_color,3,6,5,7,3,7
22,133,full_color,5,8,4,5,1,1
22,114,sepia,6,7,10,6,6,4
22,153,sepia,8,8,9,2,7,1
22,152,black_white,9,9,5,3,2,3
22,195,black_white,9,9,7,7,1,2
22,190,full_color,4,7,7,9,6,1
22,189,full_color,8,10,3,10,6,2
22,142,full_color,10,10,6,7,2,2
22,147,full_color,6,9,10,2,1,2
22,184,full_color,2,5,7,4,4,1
23,176,full_color,10,10,2,4,6,6
23,125,black_white,8,8,7,6,8,5
23,148,black_white,10,2,3,9,1,1
23,160,sepia,2,9,2,2,4,1
23,112,full_color,1,4,5,9,1,4
23,184,full_color,8,10,5,2,4,2
23,135,full_color,3,6,7,7,3,5
23,102,sepia,6,2,6,9,1,7
23,182,full_color,6,9,2,9,1,6
23,158,sepia,1,10,10,9,1,6
23,195,sepia,3,8,1,1,3,8
23,113,full_color,6,9,5,1,4,7
23,194,black_white,7,9,2,9,1,5
23,143,full_color,5,8,4,2,2,6
23,125,sepia,3,3,9,8,6,1
23,119,full_color,9,10,1,4,1,3
23,177,full_color,3,6,3,1,4,1
23,149,sepia,3,3,5,6,2,1
23,110,sepia,2,6,10,7,4,4
23,155,sepia,1,4,6,5,7,1
24,148,sepia,4,1,8,9,2,2
24,200,sepia,1,9,10,8,1,5
24,172,full_color,7,10,2,1,7,1
24,187,black_white,3,3,7,5,1,3
24,126,sepia,7,9,10,3,7,1
24,119,sepia,1,1,2,4,1,2
24,156,full_color,1,4,6,1,6,6
24,124,full_color,4,7,2,8,3,3
24,135,sepia,3,10,2,8,2,1
24,102,black_white,10,5,9,10,6,8
24,124,black_white,5,5,5,8,6,7
24,184,full_color,1,4,2,4,1,1
24,159,full_color,1,4,1,5,1,1
24,129,full_color,5,8,3,9,1,1
24,198,sepia,10,9,10,3,6,3
24,162,full_color,9,10,9,1,4,1
24,122,full_color,3,6,6,9,4,4
24,149,full_color,5,8,1,4,1,1
24,172,black_white,9,7,6,4,1,2
24,185,black_white,1,7,6,9,1,2
25,121,black_white,3,2,8,9,5,8
25,111,sepia,10,4,8,10,6,1
25,109,sepia,3,1,4,3,5,7
25,138,full_color,8,10,2,7,8,1
25,181,sepia,6,10,7,3,3,1
25,159,sepia,5,2,6,6,8,5
25,123,sepia,7,3,1,7,5,3
25,193,black_white,9,8,2,2,1,1
25,132,black_white,2,7,1,10,4,7
25,152,full_color,10,10,10,3,3,6
25,122,full_color,7,10,7,7,1,1
25,165,sepia,5,9,10,7,8,1
25,185,full_color,2,5,5,3,1,6
25,129,sepia,9,9,5,4,1,3
25,105,sepia,4,9,10,5,8,5
25,161,full_color,6,9,1,8,7,6
25,162,black_white,4,1,8,10,2,7
25,109,sepia,4,4,9,1,1,3
25,160,black_white,9,8,3,8,4,5
25,139,sepia,5,9,9,2,8,7
26,143,full_color,7,10,1,9,9,8
26,155,sepia,2,8,6,6,5,10
26,195,full_color,10,10,4,2,10,10
26,178,black_white,1,1,8,7,4,6
26,141,full_color,1,4,5,9,10,4
26,193,full_color,2,5,10,3,7,9
26,193,black_white,1,6,3,8,10,4
26,116,black_white,3,8,5,9,7,8
26,143,sepia,9,5,7,2,10,10
26,145,full_color,2,5,10,7,10,10
26,166,sepia,9,9,7,3,10,10
26,181,full_color,2,5,1,8,10,8
26,157,black_white,4,9,2,3,10,8
26,136,sepia,10,6,3,4,4,6
26,165,black_white,5,1,1,3,4,10
26,133,sepia,3,3,5,1,7,5
26,164,black_white,5,8,3,5,7,8
26,187,full_color,5,8,1,6,5,6
26,195,sepia,1,9,6,7,5,10
26,154,sepia,7,6,1,2,5,7
27,101,sepia,8,6,7,5,7,1
27,156,sepia,3,4,1,4,1,7
27,196,black_white,8,8,8,1,7,5
27,179,full_color,4,7,6,6,4,6
27,139,black_white,5,5,4,5,1,6
27,119,black_white,3,5,10,10,4,7
27,164,sepia,7,4,3,9,3,8
27,164,full_color,4,7,7,9,5,6
27,173,black_white,1,6,2,10,3,4
27,133,full_color,1,4,7,4,7,7
27,149,full_color,7,10,8,6,7,7
27,172,black_white,5,1,10,3,1,5
27,112,sepia,10,10,4,8,7,8
27,195,sepia,4,5,6,4,1,5
27,175,black_white,5,4,5,2,5,3
27,176,full_color,4,7,8,9,8,1
27,196,sepia,3,9,3,5,4,6
27,123,sepia,5,8,8,3,2,6
27,114,black_white,2,6,5,4,3,1
27,200,black_white,5,8,7,6,2,4
28,172,black_white,8,3,1,3,8,1
28,128,full_color,9,10,9,10,3,4
28,191,sepia,6,1,2,6,6,3
28,115,full_color,10,10,3,2,7,6
28,160,black_white,1,3,6,9,5,1
28,190,black_white,1,9,7,6,1,1
28,198,sepia,10,8,2,5,1,1
28,132,black_white,4,4,1,4,1,1
28,180,black_white,5,8,7,2,8,3
28,144,sepia,10,2,8,10,3,8
28,173,black_white,10,7,5,8,7,4
28,112,black_white,6,6,3,5,4,7
28,135,black_white,9,1,10,8,1,4
28,188,black_white,3,1,4,7,4,1
28,113,sepia,9,3,4,1,2,6
28,186,sepia,3,5,2,2,8,2
28,149,full_color,9,10,3,1,4,3
28,179,full_color,5,8,4,7,8,1
28,185,sepia,6,2,3,2,5,5
28,192,sepia,9,4,7,3,6,8
29,120,full_color,1,4,3,1,5,6
29,159,black_white,4,5,6,7,8,1
29,189,black_white,10,4,8,5,3,4
29,187,sepia,6,8,9,8,1,7
29,105,black_white,7,4,8,3,4,1
29,157,full_color,10,10,6,9,7,2
29,159,black_white,2,6,6,8,2,1
29,180,black_white,1,3,9,7,7,6
29,103,black_white,4,10,5,10,5,7
29,134,sepia,10,2,5,7,6,1
29,200,black_white,8,3,4,6,1,2
29,185,black_white,3,1,3,8,6,3
29,145,sepia,7,9,7,9,1,3
29,136,sepia,9,9,8,6,6,7
29,120,full_color,8,10,9,7,7,6
29,174,sepia,8,3,4,7,2,8
29,181,full_color,5,8,1,7,8,5
29,117,full_color,6,9,7,8,1,4
29,105,full_color,4,7,3,10,1,7
29,166,black_white,6,4,10,1,1,8
30,172,full_color,3,6,10,5,10,10
30,183,full_color,8,10,2,1,10,4
30,128,full_color,7,10,4,2,9,10
30,136,black_white,8,10,9,9,10,10
30,198,black_white,9,9,1,8,10,4
30,197,black_white,9,3,2,6,10,5
30,109,full_color,10,10,10,9,10,5
30,136,black_white,7,1,8,5,7,10
30,167,black_white,8,8,1,7,10,8
30,169,full_color,6,9,7,10,10,10
30,120,black_white,2,8,8,1,6,9
30,184,black_white,3,3,5,4,10,5
30,169,full_color,5,8,1,7,4,4
30,179,black_white,6,10,6,2,8,10
30,150,black_white,4,7,4,10,4,10
30,152,full_color,8,10,4,3,10,10
30,111,full_color,2,5,8,6,5,9
30,140,sepia,8,4,6,7,8,5
30,149,full_color,4,7,10,6,7,9
30,139,black_white,4,10,6,3,10,7
31,135,black_white,3,8,7,9,7,2
31,170,black_white,9,1,3,6,1,2
31,146,sepia,1,3,1,6,7,6
31,107,black_white,4,7,10,1,2,3
31,167,black_white,9,8,8,9,6,3
31,121,full_color,1,4,8,4,6,6
31,182,sepia,9,7,5,1,1,4
31,107,black_white,1,6,3,9,4,1
31,178,black_white,7,10,8,10,7,2
31,131,black_white,10,6,10,7,8,8
31,157,sepia,5,6,3,9,8,6
31,117,sepia,8,2,5,3,1,7
31,113,black_white,6,6,8,9,6,7
31,127,sepia,4,9,4,3,1,4
31,174,full_color,4,7,4,6,8,2
31,197,black_white,10,7,2,2,2,4
31,104,full_color,3,6,10,5,8,1
31,142,sepia,1,8,1,6,5,8
31,107,sepia,1,1,4,10,6,7
31,171,full_color,5,8,8,1,1,6
32,123,black_white,7,8,4,8,1,3
32,195,sepia,8,4,7,1,2,1
32,128,full_color,10,10,7,5,3,8
32,169,black_white,1,6,5,1,7,7
32,148,full_color,1,4,7,9,4,6
32,101,sepia,5,10,2,5,1,1
32,105,black_white,4,9,8,4,1,6
32,163,black_white,2,5,10,5,5,6
32,116,full_color,6,9,8,3,7,8
32,173,sepia,8,5,9,8,4,1
32,190,sepia,1,7,5,5,2,8
32,183,sepia,9,6,10,2,3,3
32,194,sepia,10,2,10,1,8,5
32,199,black_white,2,9,8,7,7,1
32,117,sepia,10,1,3,4,7,1
32,113,sepia,10,4,2,8,1,8
32,131,black_white,4,8,10,4,4,6
32,129,black_white,1,2,9,7,2,5
32,174,black_white,3,8,7,2,5,1
32,179,full_color,3,6,6,10,6,1
33,189,full_color,8,10,7,1,6,2
33,124,full_color,5,8,7,10,4,4
33,169,full_color,8,10,6,7,8,1
33,167,sepia,8,2,2,2,4,8
33,132,sepia,6,2,10,2,1,7
33,164,full_color,4,7,1,8,8,5
33,147,sepia,2,2,8,4,5,1
33,200,full_color,10,10,9,2,4,5
33,149,full_color,8,10,4,10,3,8
33,184,black_white,10,7,6,2,1,1
33,138,sepia,1,2,5,6,5,5
33,200,full_color,1,4,3,8,3,7
33,142,sepia,7,2,10,1,5,1
33,157,sepia,7,1,2,4,2,1
33,155,sepia,9,8,9,4,4,6
33,137,black_white,6,8,9,5,8,1
33,168,full_color,8,10,3,9,1,1
33,104,full_color,3,6,9,9,1,2
33,112,black_white,1,8,8,7,8,3
33,182,sepia,8,10,10,1,8,8
34,177,black_white,2,2,7,3,10,10
34,132,black_white,9,2,10,1,6,9
34,151,full_color,6,9,9,4,7,9
34,102,sepia,3,6,3,6,9,10
34,182,black_white,9,6,7,1,6,10
34,166,full_color,3,6,9,8,5,8
34,183,sepia,10,7,3,8,7,7
34,151,full_color,4,7,1,9,10,8
34,105,black_white,6,8,6,3,4,10
34,103,sepia,2,5,7,1,10,10
34,180,black_white,5,5,9,9,5,10
34,149,sepia,6,2,9,10,10,10
34,175,black_white,1,5,3,4,9,10
34,172,sepia,5,6,1,9,6,8
34,139,black_white,1,9,8,8,5,7
34,109,full_color,5,8,1,5,7,7
34,199,full_color,2,5,1,2,8,9
34,133,black_white,3,3,8,3,10,8
34,111,full_color,10,10,8,3,8,6
34,176,sepia,10,5,8,9,8,10
35,142,black_white,3,9,6,4,8,10
35,186,sepia,4,1,3,6,10,7
35,122,sepia,8,6,1,6,10,10
35,106,full_color,7,10,7,10,10,7
35,107,sepia,9,10,3,6,7,10
35,165,full_color,4,7,5,5,4,9
35,186,black_white,2,5,2,6,6,10
35,184,sepia,1,1,5,3,9,10
35,162,full_color,10,10,9,1,4,10
35,161,sepia,9,10,7,2,10,10
35,103,full_color,4,7,10,3,10,10
35,141,black_white,8,4,6,2,8,10
35,124,full_color,1,4,7,10,4,10
35,160,full_color,7,10,8,3,6,10
35,165,full_color,2,5,7,4,7,10
35,191,full_color,2,5,3,3,5,10
35,164,full_color,9,10,1,7,7,10
35,134,sepia,9,4,10,4,8,10
35,104,sepia,8,6,1,7,7,10
35,125,sepia,8,8,9,6,9,4
36,176,sepia,8,6,9,10,5,5
36,126,black_white,6,3,9,9,1,1
36,165,black_white,10,1,7,9,5,3
36,200,sepia,1,10,6,6,2,5
36,167,sepia,6,7,5,9,1,4
36,177,sepia,7,3,5,5,1,6
36,187,black_white,6,4,5,7,1,1
36,132,full_color,3,6,10,3,5,7
36,188,full_color,7,10,3,2,3,5
36,159,black_white,5,2,1,9,3,7
36,171,black_white,4,9,2,7,4,1
36,156,sepia,5,7,9,4,6,6
36,146,sepia,7,8,2,10,5,1
36,174,black_white,6,4,9,10,4,6
36,128,sepia,3,1,6,4,7,2
36,161,full_color,8,10,3,5,1,1
36,157,sepia,4,4,5,10,3,8
36,178,full_color,5,8,6,6,3,5
36,187,black_white,9,3,5,9,2,1
36,163,full_color,1,4,3,7,1,2
37,144,black_white,3,10,10,9,4,10
37,183,sepia,2,6,6,4,4,5
37,170,sepia,4,9,6,8,10,10
37,165,black_white,3,3,6,9,9,4
37,125,black_white,10,2,4,3,4,10
37,194,black_white,8,5,9,8,5,9
37,156,full_color,6,9,8,2,10,10
37,143,black_white,3,9,5,4,7,7
37,129,sepia,5,7,1,8,10,9
37,173,sepia,3,5,7,5,5,10
37,107,black_white,1,7,6,7,10,9
37,184,full_color,5,8,9,2,8,4
37,184,sepia,7,4,7,7,10,4
37,190,sepia,1,10,5,7,8,7
37,141,sepia,8,4,8,9,10,10
37,103,full_color,7,10,7,6,8,8
37,195,full_color,4,7,6,8,10,4
37,163,sepia,10,7,5,3,6,7
37,186,black_white,9,7,9,8,10,7
37,119,black_white,5,1,10,3,4,10
38,108,full_color,10,10,10,6,10,10
38,118,black_white,4,2,4,1,8,10
38,186,black_white,5,1,7,8,5,10
38,200,black_white,9,8,4,7,4,10
38,110,sepia,8,6,6,4,5,10
38,192,full_color,1,4,10,7,10,4
38,144,black_white,3,2,1,8,10,4
38,190,full_color,3,6,5,9,6,10
38,102,full_color,8,10,2,9,10,10
38,128,full_color,8,10,9,7,6,10
38,177,black_white,9,7,4,1,6,10
38,184,black_white,6,10,10,9,10,10
38,154,sepia,4,3,1,3,7,10
38,151,black_white,8,8,4,5,5,10
38,155,black_white,2,1,6,1,4,10
38,169,full_color,5,8,7,5,9,10
38,172,black_white,3,8,3,7,10,10
38,156,black_white,9,7,10,10,10,10
38,117,sepia,2,9,2,7,10,10
38,162,sepia,2,3,10,1,6,7
39,182,sepia,4,9,7,2,10,10
39,170,black_white,7,8,6,9,7,10
39,147,black_white,9,6,9,1,4,8
39,163,sepia,9,9,10,9,4,4
39,111,black_white,2,7,8,4,10,10
39,125,full_color,6,9,2,5,10,10
39,194,sepia,5,3,2,7,10,10
39,131,sepia,1,2,9,2,5,10
39,169,black_white,9,4,9,2,10,10
39,178,black_white,7,7,2,10,10,7
39,110,full_color,1,4,6,7,4,7
39,130,full_color,4,7,9,4,9,4
39,162,full_color,3,6,1,9,7,4
39,153,sepia,9,6,5,7,10,10
39,167,full_color,7,10,6,7,5,5
39,119,sepia,10,6,7,8,8,9
39,185,full_color,8,10,9,4,4,6
39,108,black_white,10,1,1,5,8,9
39,162,sepia,1,8,7,8,10,9
39,103,sepia,9,8,7,3,10,8
40,135,black_white,3,7,4,9,6,1
40,162,full_color,6,9,7,8,6,3
40,144,full_color,9,10,10,1,1,1
40,161,sepia,8,3,10,6,6,5
40,161,sepia,1,1,6,9,5,7
40,139,sepia,9,10,7,3,1,5
40,181,black_white,4,3,4,8,2,7
40,125,black_white,8,9,5,7,8,4
40,119,full_color,9,10,10,8,7,1
40,126,full_color,1,4,2,9,1,1
40,162,sepia,5,5,6,6,6,1
40,187,full_color,3,6,6,7,1,3
40,154,black_white,8,3,5,2,6,6
40,111,sepia,8,3,6,7,1,4
40,144,sepia,1,8,10,7,5,5
40,179,sepia,6,2,6,9,8,4
40,168,sepia,7,7,4,4,1,7
40,131,sepia,2,4,9,7,1,5
40,120,sepia,6,8,10,9,8,5
40,114,black_white,6,1,10,6,5,3
41,148,black_white,2,5,10,5,7,9
41,157,full_color,3,6,8,2,6,9
41,102,full_color,10,10,1,10,10,7
41,148,full_color,10,10,8,5,7,9
41,110,sepia,7,4,7,7,10,5
41,163,full_color,6,9,5,10,10,5
41,159,black_white,1,9,3,5,10,4
41,152,black_white,10,4,4,3,9,9
41,115,sepia,6,8,6,5,10,10
41,197,sepia,3,10,9,4,10,5
41,140,sepia,4,3,2,10,7,10
41,185,full_color,5,8,5,5,10,6
41,179,full_color,3,6,2,9,5,4
41,155,sepia,10,3,4,10,10,10
41,200,sepia,6,2,9,5,7,6
41,172,black_white,2,5,6,5,7,7
41,113,sepia,3,6,8,1,10,9
41,199,sepia,6,3,6,2,10,9
41,125,black_white,1,10,4,8,10,10
41,187,black_white,7,1,2,7,6,4
42,109,black_white,6,8,8,8,7,4
42,150,sepia,5,6,7,5,7,7
42,171,black_white,3,3,9,1,7,6
42,161,black_white,7,10,6,1,8,7
42,154,sepia,7,8,8,2,5,4
42,193,black_white,5,4,6,3,10,10
42,113,sepia,5,10,6,10,10,6
42,124,sepia,1,8,9,4,7,7
42,197,sepia,8,10,8,1,10,9
42,130,full_color,1,4,10,7,4,5
42,102,full_color,7,10,2,3,10,10
42,190,black_white,2,3,2,9,4,10
42,137,black_white,8,3,3,4,7,9
42,125,sepia,10,4,4,4,6,10
42,144,full_color,8,10,3,1,10,10
42,175,black_white,3,3,1,10,7,10
42,177,sepia,1,3,6,9,10,10
42,153,sepia,5,1,9,9,10,4
42,114,black_white,4,10,1,3,9,10
42,136,full_color,5,8,5,10,4,10
43,154,sepia,3,6,7,7,6,4
43,122,full_color,5,8,9,8,8,1
43,178,sepia,6,4,8,10,3,1
43,176,full_color,6,9,1,8,4,8
43,179,full_color,2,5,1,1,1,5
43,127,sepia,10,6,3,4,8,3
43,104,full_color,5,8,4,10,3,2
43,149,full_color,1,4,1,9,8,6
43,117,full_color,2,5,6,9,8,6
43,142,black_white,6,9,10,3,1,8
43,186,full_color,5,8,6,1,2,7
43,190,sepia,9,9,9,4,2,1
43,154,black_white,2,5,4,8,5,4
43,131,sepia,6,1,1,5,2,8
43,133,full_color,8,10,8,4,7,2
43,148,black_white,6,2,1,3,1,2
43,185,black_white,6,9,3,3,8,4
43,143,black_white,9,1,2,10,7,1
43,103,sepia,6,6,4,1,1,3
43,168,full_color,8,10,8,9,3,1
44,123,sepia,6,2,6,7,1,3
44,158,full_color,9,10,6,8,3,1
44,129,sepia,9,10,2,8,8,3
44,126,black_white,4,2,10,4,6,7
44,180,black_white,1,7,6,7,7,2
44,103,black_white,6,3,8,4,1,2
44,156,full_color,4,7,10,4,4,3
44,127,black_white,8,9,10,2,3,1
44,129,full_color,4,7,6,3,4,8
44,101,sepia,5,1,2,7,1,4
44,194,sepia,5,3,1,10,1,7
44,130,sepia,1,10,10,4,1,8
44,171,black_white,1,10,2,7,6,1
44,137,black_white,4,4,7,4,6,4
44,188,black_white,4,1,1,2,1,3
44,115,black_white,1,5,10,1,3,3
44,160,full_color,2,5,8,4,1,1
44,152,black_white,8,10,2,6,1,8
44,112,black_white,7,3,6,10,5,2
44,147,sepia,9,10,9,1,5,1
45,120,full_color,3,6,8,3,7,1
45,170,sepia,4,7,10,3,5,1
45,132,full_color,7,10,3,7,6,1
45,120,full_color,4,7,1,4,1,1
45,107,sepia,6,1,2,6,7,1
45,120,sepia,6,5,6,10,8,8
45,137,black_white,8,7,10,6,4,5
45,139,full_color,4,7,6,2,8,7
45,178,black_white,2,5,7,7,7,8
45,140,black_white,10,10,5,7,8,1
45,147,black_white,3,2,7,3,7,1
45,139,full_color,3,6,5,7,4,2
45,104,sepia,5,3,1,8,1,7
45,158,black_white,8,1,10,3,3,1
45,169,black_white,6,7,6,8,3,3
45,132,full_color,9,10,8,7,8,1
45,162,black_white,10,3,3,6,3,1
45,156,black_white,7,7,4,7,1,1
45,165,black_white,8,7,5,2,6,3
45,148,full_color,6,9,8,1,3,2
46,135,full_color,4,7,6,10,1,1
46,134,sepia,1,3,5,5,1,6
46,123,black_white,4,9,2,8,1,7
46,126,black_white,7,3,3,4,3,1
46,156,full_color,2,5,1,4,4,1
46,183,full_color,6,9,6,8,4,1
46,164,full_color,3,6,4,5,5,7
46,158,sepia,1,3,10,3,6,1
46,166,sepia,1,6,6,7,4,4
46,139,full_color,1,4,2,4,6,2
46,192,full_color,2,5,8,9,1,1
46,172,full_color,10,10,8,6,7,7
46,113,full_color,6,9,4,5,8,1
46,119,sepia,9,8,8,3,5,7
46,182,black_white,8,9,7,1,8,8
46,200,sepia,8,3,9,3,8,7
46,109,black_white,10,5,8,9,3,6
46,113,full_color,5,8,5,3,6,6
46,178,black_white,1,3,5,6,3,5
46,138,black_white,4,9,4,10,1,6
47,109,full_color,5,8,5,2,7,9
47,139,full_color,1,4,8,5,10,10
47,160,full_color,2,5,6,7,10,4
47,162,full_color,7,10,3,3,5,10
47,181,sepia,2,1,8,9,8,4
47,111,sepia,6,10,10,4,6,4
47,145,sepia,7,1,8,2,5,5
47,197,black_white,8,10,6,4,10,4
47,190,full_color,5,8,4,9,5,7
47,187,black_white,10,1,6,4,6,4
47,135,black_white,6,1,4,7,10,10
47,124,sepia,5,8,2,8,7,10
47,161,sepia,8,5,6,5,10,10
47,131,full_color,2,5,10,2,4,10
47,200,full_color,9,10,8,1,10,10
47,189,sepia,1,6,3,7,4,10
47,138,black_white,3,6,10,6,10,4
47,164,black_white,6,5,1,9,8,6
47,154,black_white,8,5,4,3,5,10
47,156,full_color,6,9,8,9,6,8
48,200,black_white,8,6,6,1,3,4
48,146,sepia,4,7,6,7,3,2
48,172,sepia,4,6,4,7,1,1
48,199,black_white,7,4,7,5,8,7
48,177,sepia,4,9,3,4,8,3
48,183,black_white,5,5,3,5,1,5
48,137,black_white,5,10,10,8,3,2
48,168,sepia,6,9,9,5,6,5
48,113,full_color,10,10,6,4,5,1
48,123,sepia,6,2,5,8,2,1
48,133,full_color,9,10,8,6,3,7
48,123,black_white,10,9,4,5,6,7
48,122,sepia,10,6,7,9,1,4
48,194,black_white,1,1,10,10,3,6
48,181,black_white,8,1,10,2,8,5
48,114,full_color,3,6,10,9,4,6
48,141,full_color,2,5,9,2,3,1
48,175,black_white,5,7,3,9,6,2
48,116,sepia,1,3,8,5,3,2
48,177,full_color,10,10,1,7,6,1
49,126,black_white,3,5,2,1,6,4
49,139,full_color,4,7,7,2,10,9
49,190,full_color,10,10,2,6,5,10
49,166,sepia,1,5,5,9,9,8
49,195,sepia,4,6,5,8,10,8
49,200,sepia,10,5,5,8,10,6
49,138,full_color,10,10,8,10,8,8
49,182,full_color,2,5,9,7,8,10
49,150,black_white,5,4,6,8,10,5
49,180,black_white,4,10,3,10,8,10
49,140,full_color,10,10,3,10,4,9
49,151,black_white,8,2,6,1,10,7
49,168,full_color,2,5,8,3,5,10
49,193,black_white,4,10,5,3,8,8
49,143,full_color,1,4,8,1,7,9
49,188,sepia,2,2,9,10,4,4
49,175,sepia,8,2,7,1,10,10
49,101,black_white,3,9,6,6,10,6
49,107,sepia,9,1,10,1,10,5
49,193,full_color,4,7,2,6,6,10
50,189,black_white,3,6,3,3,8,10
50,137,sepia,5,5,3,7,5,10
50,192,sepia,7,6,7,9,10,10
50,177,black_white,6,8,4,9,10,7
50,189,sepia,3,10,6,7,8,4
50,175,full_color,2,5,5,2,8,5
50,125,full_color,1,4,2,6,8,4
50,126,full_color,10,10,8,7,9,10
50,128,sepia,2,5,5,9,10,10
50,124,sepia,7,6,6,10,4,10
50,136,full_color,10,10,4,9,7,10
50,183,sepia,2,3,3,6,10,10
50,151,sepia,2,1,10,8,7,4
50,143,full_color,7,10,2,4,6,10
50,115,black_white,2,1,2,10,10,10
50,195,sepia,10,3,10,7,7,9
50,145,full_color,5,8,10,5,10,7
50,167,full_color,5,8,2,9,6,7
50,195,full_color,2,5,8,1,8,5
50,118,sepia,3,10,3,1,10,6
51,190,sepia,9,7,3,7,1,3
51,119,sepia,9,10,1,6,1,8
51,111,sepia,2,10,1,7,1,2
51,117,black_white,7,10,1,2,5,4
51,121,black_white,9,4,2,4,4,7
51,200,black_white,4,7,10,10,3,4
51,130,full_color,6,9,5,1,6,2
51,124,black_white,8,8,3,8,6,3
51,188,sepia,1,10,9,8,1,1
51,164,full_color,1,4,6,4,5,7
51,158,sepia,2,10,2,4,2,5
51,162,black_white,6,4,9,4,6,7
51,133,black_white,5,9,2,9,4,1
51,157,sepia,8,7,4,6,1,8
51,134,black_white,9,2,1,5,1,3
51,199,full_color,8,10,10,4,5,1
51,126,black_white,8,10,7,5,3,7
51,133,full_color,10,10,7,1,8,4
51,189,black_white,10,8,4,4,5,1
51,101,full_color,8,10,8,4,1,1
52,106,black_white,8,10,5,3,6,1
52,199,full_color,5,8,9,4,1,6
52,142,black_white,3,9,5,9,2,5
52,104,sepia,5,1,8,2,2,8
52,194,black_white,4,6,2,5,3,7
52,105,full_color,10,10,9,5,8,2
52,139,full_color,6,9,5,10,3,1
52,165,full_color,3,6,10,9,1,1
52,159,black_white,5,3,2,9,7,1
52,111,sepia,5,9,6,10,1,2
52,172,black_white,5,10,1,9,3,7
52,169,black_white,5,5,10,9,4,7
52,124,full_color,2,5,9,10,1,2
52,130,black_white,8,4,9,7,1,1
52,101,black_white,2,3,10,9,1,2
52,157,black_white,7,5,1,7,1,6
52,132,black_white,1,10,6,9,4,8
52,138,full_color,8,10,9,4,7,5
52,179,sepia,6,2,9,1,4,5
52,137,black_white,2,3,3,1,7,7
53,132,sepia,5,9,3,6,6,7
53,135,sepia,4,3,2,3,9,9
53,155,full_color,4,7,7,6,10,6
53,147,sepia,6,6,8,4,8,9
53,112,full_color,7,10,10,3,6,8
53,108,full_color,6,9,1,7,5,8
53,194,full_color,6,9,6,5,10,9
53,106,full_color,4,7,5,6,10,4
53,188,black_white,6,2,7,7,6,10
53,107,black_white,9,2,10,6,10,10
53,121,sepia,8,9,7,4,4,10
53,140,sepia,10,2,9,7,10,10
53,199,black_white,10,2,3,4,4,9
53,150,sepia,8,10,3,3,10,9
53,180,full_color,4,7,3,9,10,4
53,143,full_color,5,8,6,9,8,5
53,118,full_color,4,7,4,8,9,8
53,192,full_color,8,10,8,5,10,6
53,154,sepia,7,1,5,8,5,4
53,152,sepia,8,10,3,9,7,6
54,152,sepia,5,3,2,4,1,7
54,186,sepia,9,5,10,1,5,1
54,119,black_white,5,5,8,1,2,3
54,146,sepia,9,7,9,1,6,3
54,122,full_color,4,7,9,6,3,2
54,166,sepia,10,2,2,7,2,5
54,126,sepia,10,2,1,3,1,8
54,133,sepia,8,10,1,10,1,1
54,181,black_white,5,7,1,5,4,2
54,196,black_white,9,10,5,8,7,3
54,153,sepia,4,8,4,6,7,3
54,194,sepia,1,10,1,6,4,1
54,158,black_white,6,8,6,4,4,2
54,180,sepia,2,2,1,6,6,6
54,150,full_color,8,10,8,10,1,6
54,197,full_color,7,10,4,5,1,2
54,149,sepia,7,6,10,2,5,1
54,168,black_white,5,1,6,9,7,4
54,138,black_white,1,5,1,4,1,1
54,102,black_white,1,7,2,3,7,5
55,140,black_white,1,2,2,9,5,4
55,172,sepia,5,5,7,4,7,3
55,119,full_color,10,10,10,3,8,6
55,141,sepia,6,5,1,8,4,1
55,180,full_color,9,10,8,4,6,5
55,116,sepia,2,10,7,2,4,5
55,161,black_white,5,4,3,1,1,6
55,110,full_color,4,7,6,2,6,5
55,191,sepia,9,5,8,8,8,8
55,109,full_color,3,6,7,5,1,2
55,136,black_white,4,8,6,8,8,7
55,105,full_color,1,4,8,2,8,8
55,173,sepia,6,9,1,6,2,8
55,142,full_color,10,10,7,6,7,1
55,126,full_color,1,4,5,7,1,6
55,148,full_color,1,4,5,6,5,2
55,188,sepia,6,4,2,2,8,4
55,148,full_color,1,4,4,10,1,8
55,101,sepia,4,3,8,5,4,1
55,197,full_color,9,10,4,8,5,8
56,153,sepia,5,10,10,8,1,5
56,142,black_white,9,5,1,8,5,2
56,182,black_white,5,4,6,6,2,6
56,159,black_white,8,9,10,4,1,4
56,141,full_color,10,10,1,7,1,2
56,156,black_white,5,1,9,1,2,4
56,177,sepia,9,1,4,10,4,6
56,186,sepia,3,3,1,2,3,8
56,137,full_color,4,7,4,3,1,4
56,106,sepia,5,2,8,9,8,3
56,115,sepia,8,4,1,5,1,1
56,114,black_white,4,9,1,5,6,8
56,128,full_color,9,10,6,10,1,3
56,124,full_color,10,10,4,7,4,1
56,167,full_color,4,7,9,4,8,1
56,130,full_color,1,4,9,10,1,1
56,145,sepia,3,1,7,6,7,7
56,140,black_white,10,2,5,10,5,1
56,164,black_white,4,3,1,2,2,4
56,192,sepia,8,10,6,4,5,7
57,185,sepia,7,8,1,2,7,6
57,190,full_color,10,10,7,2,9,10
57,181,black_white,2,6,7,8,8,10
57,151,black_white,3,8,10,7,8,5
57,130,black_white,1,4,5,1,10,10
57,191,black_white,8,6,7,1,5,10
57,200,sepia,8,7,8,6,10,6
57,196,full_color,5,8,6,1,6,10
57,161,sepia,8,2,4,10,4,10
57,128,sepia,4,9,2,4,7,4
57,159,sepia,9,7,1,2,5,5
57,179,sepia,2,10,3,7,10,8
57,198,full_color,1,4,9,3,10,6
57,138,black_white,1,5,9,4,7,8
57,185,full_color,3,6,8,1,10,4
57,118,black_white,3,6,3,5,10,8
57,113,full_color,1,4,3,5,6,5
57,131,sepia,3,8,2,7,10,6
57,162,black_white,9,1,2,1,10,7
57,124,full_color,7,10,5,4,10,4
58,174,black_white,9,8,10,5,8,7
58,200,black_white,7,7,6,10,9,10
58,117,sepia,5,5,1,2,4,6
58,165,black_white,10,7,4,6,10,10
58,138,sepia,4,10,8,5,6,6
58,196,full_color,3,6,7,10,10,7
58,183,full_color,2,5,8,3,7,9
58,155,black_white,4,10,7,9,7,9
58,124,sepia,5,5,8,9,5,6
58,152,full_color,4,7,5,8,6,8
58,168,full_color,10,10,8,6,5,4
58,142,sepia,7,9,3,2,10,6
58,196,sepia,3,8,3,8,8,4
58,169,sepia,5,8,1,1,9,4
58,193,full_color,2,5,2,3,5,10
58,184,black_white,5,3,1,3,10,6
58,103,full_color,3,6,1,6,10,4
58,110,full_color,7,10,5,8,9,7
58,176,sepia,4,6,10,8,10,6
58,185,black_white,8,6,1,1,6,7
59,194,black_white,10,4,9,6,7,4
59,107,full_color,1,4,10,2,1,2
59,161,full_color,9,10,3,7,1,5
59,199,black_white,3,2,7,5,4,4
59,143,full_color,3,6,7,8,6,1
59,135,sepia,3,8,9,6,1,5
59,191,sepia,2,2,9,2,4,1
59,129,sepia,1,3,2,5,6,3
59,138,black_white,1,5,3,1,3,1
59,138,sepia,4,2,8,9,4,7
59,172,black_white,5,3,1,5,5,7
59,166,full_color,10,10,3,1,4,1
59,150,sepia,10,5,2,4,2,1
59,118,full_color,10,10,2,8,1,5
59,137,black_white,8,1,3,10,5,2
59,171,full_color,9,10,2,8,6,1
59,196,black_white,4,6,10,8,1,5
59,179,full_color,10,10,9,2,1,7
59,141,full_color,7,10,2,10,4,2
59,136,sepia,4,9,10,2,8,3
60,104,full_color,6,9,10,8,4,10
60,163,full_color,3,6,3,5,7,10
60,127,sepia,2,10,7,2,9,6
60,179,black_white,9,1,2,8,9,10
60,148,sepia,5,1,1,6,10,7
60,147,sepia,3,4,8,2,9,10
60,164,full_color,5,8,1,6,5,9
60,127,full_color,2,5,7,7,6,7
60,198,black_white,9,6,9,9,10,4
60,170,full_color,2,5,4,10,9,10
60,112,sepia,5,4,6,2,10,4
60,198,black_white,5,2,8,2,9,8
60,102,full_color,7,10,7,7,7,6
60,150,sepia,8,3,9,1,10,6
60,153,sepia,2,6,9,10,7,4
60,166,full_color,7,10,10,9,4,4
60,163,full_color,5,8,6,1,8,10
60,143,black_white,3,9,3,5,10,4
60,177,sepia,1,9,2,7,10,5
60,127,black_white,3,3,3,10,10,8
61,185,full_color,5,8,9,3,2,5
61,166,full_color,5,8,5,8,6,5
61,194,full_color,8,10,10,9,7,1
61,110,black_white,4,6,9,2,2,1
61,158,black_white,9,1,1,7,2,8
61,146,sepia,9,10,6,2,5,1
61,165,black_white,9,6,8,2,7,2
61,149,black_white,1,1,9,5,7,6
61,139,sepia,2,3,9,3,1,5
61,156,sepia,5,4,1,1,4,2
61,163,sepia,2,2,4,4,2,5
61,132,full_color,6,9,8,1,3,7
61,196,full_color,5,8,8,2,2,3
61,148,full_color,8,10,2,4,1,1
61,138,full_color,4,7,4,1,5,4
61,150,black_white,8,9,8,4,1,6
61,154,black_white,5,5,6,2,6,1
61,152,sepia,4,8,1,5,2,4
61,159,sepia,1,2,9,9,3,4
61,125,sepia,9,3,10,1,1,5
62,157,sepia,3,9,6,1,1,8
62,154,full_color,6,9,8,7,3,3
62,146,sepia,10,9,10,7,8,1
62,144,black_white,7,10,7,3,3,6
62,180,full_color,7,10,10,4,1,3
62,142,sepia,10,7,10,4,1,2
62,137,full_color,5,8,8,9,1,1
62,196,black_white,5,8,1,6,1,4
62,158,full_color,6,9,8,8,7,3
62,140,black_white,7,6,6,4,6,6
62,117,sepia,1,5,1,4,1,8
62,145,full_color,3,6,8,7,5,4
62,141,full_color,10,10,9,9,8,1
62,188,black_white,5,2,3,8,1,1
62,118,black_white,2,8,6,5,6,8
62,117,sepia,10,9,6,2,2,1
62,153,full_color,4,7,10,3,8,5
62,173,sepia,10,7,8,9,7,5
62,136,black_white,5,4,1,4,7,1
62,146,sepia,10,1,2,9,4,1
63,157,black_white,4,10,1,4,10,7
63,156,sepia,7,5,9,3,9,9
63,175,full_color,1,4,9,1,10,10
63,112,black_white,7,9,1,10,10,10
63,197,black_white,5,8,1,7,4,9
63,198,full_color,6,9,3,1,5,10
63,121,full_color,2,5,4,7,6,10
63,144,sepia,5,3,5,8,5,6
63,173,sepia,9,7,5,7,10,7
63,129,full_color,3,6,5,2,10,7
63,158,full_color,1,4,8,1,10,10
63,171,black_white,4,9,9,4,10,9
63,152,full_color,6,9,5,8,10,6
63,134,black_white,9,3,1,8,8,4
63,187,sepia,6,7,8,3,10,8
63,104,sepia,8,3,7,6,4,8
63,171,black_white,8,5,9,8,6,10
63,173,black_white,8,5,7,9,7,10
63,140,full_color,3,6,10,4,5,5
63,141,full_color,8,10,4,9,10,10
64,198,sepia,5,2,8,6,8,1
64,134,black_white,9,4,8,2,8,1
64,134,full_color,5,8,5,7,1,3
64,154,full_color,7,10,2,2,7,7
64,151,black_white,2,8,1,9,1,6
64,101,sepia,4,2,7,2,7,1
64,180,sepia,7,9,1,10,8,3
64,192,sepia,4,9,4,6,1,8
64,188,sepia,10,4,1,9,8,1
64,128,sepia,4,5,7,4,3,7
64,169,full_color,7,10,8,4,2,7
64,125,black_white,10,8,9,10,4,8
64,104,full_color,4,7,2,10,8,7
64,173,black_white,4,4,6,1,1,7
64,136,sepia,1,10,1,6,4,3
64,146,black_white,9,2,8,9,1,5
64,103,sepia,6,4,10,9,7,8
64,123,sepia,10,4,5,4,5,6
64,113,sepia,5,2,3,3,3,7
64,128,sepia,4,4,4,5,3,1
65,164,full_color,8,10,10,7,9,4
65,195,full_color,8,10,7,10,9,10
65,186,full_color,2,5,3,7,6,6
65,167,sepia,6,8,4,7,8,9
65,128,full_color,1,4,1,2,8,6
65,114,sepia,7,8,5,9,10,10
65,122,sepia,3,9,3,1,5,4
65,186,full_color,3,6,5,8,10,7
65,176,sepia,2,10,4,5,9,8
65,126,full_color,5,8,3,10,5,7
65,147,black_white,6,9,5,1,10,10
65,188,black_white,2,7,8,2,10,10
65,102,full_color,6,9,2,5,6,5
65,134,sepia,10,5,4,6,10,8
65,147,sepia,5,9,2,10,6,6
65,109,full_color,4,7,6,3,4,4
65,116,sepia,7,8,8,3,4,9
65,125,black_white,6,3,5,8,4,10
65,156,sepia,8,6,4,6,10,7
65,139,black_white,3,2,9,7,10,10
66,200,sepia,5,8,6,7,10,6
66,107,black_white,6,4,6,3,10,10
66,131,black_white,3,6,8,5,10,7
66,156,black_white,8,8,8,10,10,10
66,123,black_white,7,6,7,6,8,10
66,175,full_color,8,10,10,2,10,10
66,177,black_white,7,10,10,1,9,10
66,127,full_color,10,10,6,3,10,5
66,169,sepia,7,1,7,10,4,4
66,145,black_white,7,9,5,1,6,10
66,134,full_color,10,10,7,1,9,10
66,114,black_white,9,5,8,3,7,8
66,169,full_color,5,8,10,1,10,5
66,118,black_white,2,9,1,5,6,4
66,155,black_white,10,5,10,6,9,5
66,175,sepia,7,4,7,1,4,9
66,140,black_white,8,3,1,1,6,6
66,123,black_white,5,1,8,9,10,6
66,153,black_white,10,6,8,2,7,9
66,143,full_color,4,7,1,2,10,10
67,138,full_color,2,5,9,7,4,8
67,106,black_white,6,1,10,5,3,2
67,118,full_color,1,4,5,1,2,4
67,160,sepia,6,2,6,2,1,1
67,133,sepia,7,2,10,1,2,8
67,151,full_color,10,10,2,1,6,1
67,125,sepia,2,10,10,1,6,1
67,161,black_white,4,7,3,8,1,1
67,121,sepia,6,3,5,10,5,3
67,191,full_color,2,5,9,3,7,5
67,117,black_white,7,3,4,10,6,4
67,145,black_white,5,2,5,9,1,1
67,159,full_color,6,9,5,3,2,4
67,113,black_white,9,4,8,6,2,1
67,138,full_color,1,4,6,4,6,1
67,149,full_color,8,10,5,2,8,7
67,192,full_color,3,6,1,1,4,5
67,193,black_white,10,1,6,10,1,6
67,134,sepia,7,8,6,8,1,5
67,104,sepia,3,3,6,4,3,7
68,123,full_color,1,4,5,9,1,5
68,115,black_white,9,10,9,2,1,4
68,160,full_color,4,7,6,7,1,4
68,110,full_color,3,6,4,6,4,3
68,141,black_white,10,9,5,10,6,1
68,120,full_color,8,10,6,10,1,7
68,111,black_white,10,9,4,3,8,1
68,149,full_color,8,10,1,1,1,4
68,169,sepia,10,7,4,4,1,1
68,199,sepia,5,6,8,5,2,8
68,116,full_color,10,10,1,4,1,2
68,175,full_color,7,10,1,4,1,6
68,144,black_white,8,6,9,4,7,1
68,181,full_color,4,7,7,1,1,4
68,185,sepia,8,10,6,8,2,7
68,193,black_white,4,7,3,4,3,1
68,147,full_color,5,8,6,10,1,8
68,190,sepia,7,1,7,4,2,1
68,184,black_white,6,8,6,8,5,5
68,176,full_color,5,8,5,3,8,4
69,161,full_color,5,8,3,7,1,8
69,141,sepia,7,8,10,4,7,1
69,127,black_white,4,3,1,5,1,8
69,135,full_color,4,7,5,10,4,8
69,161,full_color,7,10,6,5,1,6
69,131,sepia,3,8,2,8,3,1
69,183,full_color,2,5,2,7,1,1
69,118,full_color,2,5,1,6,8,1
69,178,sepia,9,9,3,8,7,6
69,184,sepia,5,10,6,4,5,1
69,101,black_white,8,6,3,10,1,3
69,117,black_white,7,4,6,4,6,3
69,110,sepia,1,4,9,10,5,3
69,152,sepia,5,1,4,1,6,7
69,164,full_color,9,10,7,2,1,1
69,195,black_white,9,10,1,9,2,7
69,118,sepia,3,10,1,1,2,1
69,173,black_white,7,10,6,10,3,8
69,123,black_white,8,10,8,10,5,6
69,146,sepia,7,9,2,6,1,1
70,122,full_color,9,10,6,1,4,4
70,188,black_white,7,6,3,10,1,8
70,178,black_white,4,10,3,1,4,1
70,168,full_color,1,4,8,9,8,1
70,183,sepia,9,4,9,9,1,2
70,176,black_white,6,10,3,5,1,8
70,183,sepia,6,9,8,5,8,2
70,168,sepia,8,4,2,5,1,2
70,197,full_color,6,9,8,2,1,5
70,126,sepia,7,7,1,4,1,3
70,183,black_white,7,9,6,2,5,7
70,184,black_white,1,10,9,5,3,1
70,108,sepia,3,8,10,4,7,5
70,134,sepia,10,2,8,4,1,7
70,184,black_white,4,10,9,7,2,1
70,158,black_white,3,4,7,2,1,1
70,141,full_color,5,8,1,6,1,8
70,128,full_color,1,4,8,3,2,4
70,117,sepia,8,10,1,6,1,6
70,136,full_color,6,9,2,8,7,3
71,188,sepia,9,3,10,2,5,6
71,130,sepia,8,1,7,9,5,10
71,109,full_color,2,5,8,1,10,8
71,199,black_white,7,9,3,9,10,8
71,189,full_color,4,7,2,8,6,10
71,197,black_white,2,8,2,7,4,9
71,163,black_white,2,2,10,7,10,9
71,121,full_color,5,8,3,3,10,5
71,157,black_white,7,5,1,1,10,10
71,106,black_white,5,1,6,3,6,4
71,165,full_color,8,10,7,8,10,6
71,176,black_white,5,8,2,6,10,10
71,158,black_white,9,7,1,5,8,10
71,168,black_white,7,10,5,3,8,6
71,192,black_white,4,6,5,7,8,10
71,112,black_white,1,4,2,7,10,8
71,109,black_white,4,6,8,4,4,4
71,159,black_white,6,8,10,7,7,10
71,182,black_white,4,5,1,1,10,7
71,171,sepia,6,6,10,4,4,5
72,191,sepia,10,9,5,7,4,10
72,152,full_color,4,7,3,7,9,6
72,120,full_color,6,9,4,3,10,10
72,154,sepia,4,2,9,5,9,5
72,135,black_white,5,1,9,8,9,9
72,130,sepia,8,5,7,9,9,9
72,133,black_white,3,6,8,6,9,6
72,131,black_white,9,10,6,8,7,5
72,126,sepia,2,5,8,6,10,7
72,141,sepia,6,10,2,6,10,10
72,190,sepia,2,9,8,3,7,10
72,136,full_color,3,6,3,5,10,9
72,155,full_color,8,10,2,7,10,7
72,167,full_color,1,4,1,10,4,10
72,178,black_white,1,8,10,5,4,10
72,109,black_white,3,2,8,6,10,10
72,174,sepia,10,7,4,7,7,9
72,101,sepia,5,2,6,10,10,5
72,143,full_color,1,4,10,7,4,10
72,163,full_color,2,5,9,6,10,7
73,174,sepia,2,9,3,7,1,7
73,165,black_white,10,4,2,10,8,6
73,116,black_white,6,7,5,2,7,1
73,194,full_color,5,8,5,9,2,1
73,175,black_white,3,3,6,5,1,5
73,167,sepia,3,5,1,2,4,4
73,115,full_color,10,10,1,5,3,1
73,102,full_color,8,10,1,4,6,1
73,131,black_white,7,3,1,3,1,1
73,138,full_color,4,7,4,5,1,1
73,147,sepia,1,1,6,5,7,8
73,124,black_white,10,2,8,9,8,1
73,200,full_color,8,10,6,2,2,1
73,158,sepia,5,1,10,7,1,6
73,104,full_color,3,6,4,8,4,2
73,177,sepia,4,3,6,2,6,3
73,139,sepia,2,9,7,10,2,6
73,158,full_color,5,8,10,6,7,7
73,106,black_white,6,6,2,5,6,6
73,187,full_color,7,10,10,8,3,2
74,110,sepia,5,3,10,3,5,3
74,163,full_color,8,10,5,2,6,2
74,134,black_white,9,7,8,4,2,6
74,140,full_color,10,10,6,8,7,5
74,174,black_white,7,1,4,6,2,2
74,191,sepia,7,3,9,7,2,1
74,120,black_white,3,6,6,5,1,1
74,162,full_color,2,5,1,3,1,1
74,137,sepia,7,6,2,10,1,7
74,180,full_color,10,10,2,1,4,2
74,164,black_white,9,4,7,9,7,1
74,150,black_white,9,3,5,4,3,8
74,166,sepia,4,10,5,4,6,8
74,176,full_color,2,5,7,1,1,2
74,187,full_color,9,10,2,9,6,3
74,146,sepia,8,5,8,1,4,3
74,113,sepia,6,5,1,2,7,7
74,163,black_white,6,4,5,6,7,8
74,121,full_color,3,6,7,9,1,5
74,132,full_color,2,5,2,10,1,8
75,129,sepia,9,4,7,5,2,4
75,139,black_white,9,10,2,1,3,1
75,131,full_color,4,7,4,1,1,8
75,160,full_color,1,4,6,7,3,1
75,105,full_color,7,10,10,3,1,7
75,113,full_color,9,10,7,1,4,2
75,177,sepia,6,1,2,9,7,7
75,164,black_white,9,1,2,1,6,1
75,142,full_color,8,10,2,4,8,6
75,165,black_white,2,5,8,5,8,1
75,178,sepia,6,6,4,1,3,5
75,196,sepia,6,7,3,6,5,4
75,148,black_white,9,7,6,3,6,1
75,131,full_color,8,10,3,10,1,1
75,146,full_color,10,10,9,1,5,7
75,106,full_color,7,10,3,9,5,1
75,182,black_white,10,2,8,7,1,2
75,119,full_color,10,10,7,9,5,6
75,137,sepia,10,3,3,3,4,4
75,112,black_white,4,10,3,2,1,1
76,156,black_white,8,1,9,8,6,1
76,135,sepia,8,10,8,10,3,8
76,166,full_color,3,6,9,9,1,1
76,195,sepia,4,7,7,8,1,4
76,176,sepia,4,9,3,8,4,2
76,101,sepia,3,6,8,2,5,1
76,129,full_color,5,8,1,5,1,2
76,199,sepia,5,1,2,3,8,5
76,117,full_color,6,9,3,5,5,6
76,127,black_white,2,8,1,4,2,2
76,128,sepia,2,7,4,6,3,1
76,132,black_white,7,1,1,3,4,3
76,147,black_white,5,4,3,9,7,8
76,115,sepia,8,8,6,9,2,8
76,130,full_color,4,7,9,8,5,1
76,167,sepia,8,10,8,3,1,1
76,152,sepia,7,3,7,1,4,5
76,151,full_color,1,4,8,4,1,7
76,124,full_color,1,4,1,5,4,1
76,151,black_white,3,5,5,1,1,6
77,126,black_white,4,9,1,1,5,7
77,148,full_color,8,10,2,10,3,1
77,158,full_color,3,6,7,4,7,1
77,181,sepia,4,7,6,6,8,8
77,127,sepia,7,6,4,2,1,1
77,110,full_color,9,10,9,9,1,3
77,135,full_color,7,10,4,6,7,2
77,116,full_color,9,10,8,1,3,2
77,168,black_white,5,10,2,3,5,2
77,167,full_color,3,6,3,3,2,1
77,110,black_white,9,9,2,5,1,1
77,119,full_color,1,4,6,8,8,4
77,193,sepia,9,5,10,6,1,6
77,131,black_white,2,9,10,10,6,6
77,186,full_color,4,7,3,3,1,6
77,189,full_color,8,10,5,10,1,1
77,133,black_white,10,10,8,5,1,3
77,197,full_color,5,8,7,6,4,6
77,146,full_color,7,10,1,6,7,1
77,130,full_color,7,10,9,5,6,6
78,184,black_white,6,2,4,5,6,7
78,182,full_color,10,10,6,1,8,8
78,147,sepia,10,9,9,9,8,2
78,122,full_color,5,8,8,9,5,8
78,191,sepia,7,5,6,10,1,8
78,114,black_white,4,2,3,4,1,2
78,193,black_white,4,5,8,3,5,1
78,135,sepia,10,5,6,8,1,5
78,161,sepia,3,2,8,8,7,3
78,115,black_white,2,1,2,6,7,3
78,198,full_color,5,8,2,2,1,4
78,182,black_white,5,3,6,7,7,4
78,156,black_white,1,5,8,8,5,8
78,105,full_color,3,6,1,8,1,1
78,106,full_color,3,6,5,9,1,7
78,153,black_white,10,8,3,10,4,1
78,147,sepia,3,4,3,4,6,1
78,178,full_color,7,10,2,8,6,1
78,188,full_color,2,5,2,7,5,1
78,128,black_white,7,8,3,5,5,8
79,160,black_white,8,7,2,5,2,1
79,126,full_color,10,10,8,5,4,1
79,120,black_white,7,10,7,3,4,1
79,160,full_color,6,9,9,5,6,1
79,180,full_color,4,7,6,9,2,6
79,126,black_white,4,7,4,3,3,1
79,162,sepia,5,9,3,10,2,4
79,185,full_color,6,9,3,9,7,1
79,134,sepia,4,1,4,4,4,6
79,156,full_color,5,8,8,1,1,1
79,187,sepia,8,10,6,8,1,3
79,136,full_color,8,10,7,6,4,1
79,170,full_color,9,10,10,6,6,3
79,191,full_color,2,5,2,6,5,2
79,144,sepia,1,6,8,6,6,1
79,177,black_white,1,5,8,1,6,1
79,115,full_color,7,10,1,9,1,4
79,122,sepia,9,5,10,6,3,1
79,192,black_white,2,6,3,1,7,5
79,173,sepia,5,9,6,8,4,5
80,161,full_color,6,9,5,7,3,2
80,196,full_color,5,8,8,3,2,3
80,152,sepia,9,9,8,7,4,1
80,192,sepia,7,1,3,1,8,5
80,108,black_white,10,1,10,9,4,3
80,122,full_color,5,8,9,2,7,3
80,110,sepia,9,7,10,3,7,1
80,146,full_color,6,9,8,1,1,7
80,174,full_color,2,5,7,6,5,1
80,198,full_color,1,4,6,5,1,1
80,185,black_white,5,2,4,8,3,5
80,168,full_color,5,8,5,10,3,1
80,141,full_color,10,10,1,1,1,8
80,122,sepia,2,3,4,1,2,6
80,170,black_white,8,1,3,7,1,1
80,174,sepia,5,6,9,9,6,6
80,191,black_white,3,5,3,2,1,3
80,154,full_color,9,10,3,9,1,6
80,148,sepia,8,3,8,7,8,1
80,162,sepia,8,3,8,4,5,7
81,197,sepia,9,5,4,4,3,6
81,170,black_white,9,5,1,1,4,7
81,170,full_color,4,7,1,2,5,1
81,123,sepia,8,1,10,6,3,5
81,160,sepia,1,6,8,5,1,2
81,177,full_color,4,7,9,6,3,1
81,144,full_color,5,8,10,6,3,8
81,129,sepia,3,10,9,7,1,6
81,121,black_white,5,7,4,7,4,1
81,128,black_white,2,3,6,4,2,5
81,159,black_white,8,4,5,8,1,7
81,160,sepia,7,8,1,7,6,7
81,130,sepia,10,6,7,5,3,4
81,167,sepia,4,2,7,4,2,5
81,116,black_white,3,3,4,5,3,3
81,188,sepia,1,6,9,9,3,2
81,186,full_color,3,6,2,5,1,3
81,135,sepia,9,3,3,10,2,1
81,183,sepia,9,7,4,7,7,5
81,164,black_white,2,6,6,10,3,4
82,192,sepia,6,7,5,6,10,10
82,103,full_color,5,8,3,7,10,5
82,156,sepia,2,9,5,3,9,4
82,127,black_white,8,6,5,7,10,10
82,127,black_white,9,3,9,10,10,8
82,170,sepia,10,9,10,9,10,5
82,125,black_white,7,5,1,3,5,10
82,182,full_color,2,5,1,6,9,6
82,144,black_white,2,10,3,10,10,10
82,104,sepia,2,8,4,2,10,10
82,105,sepia,3,9,2,5,6,10
82,174,full_color,6,9,6,4,10,10
82,110,full_color,2,5,6,8,10,5
82,197,sepia,8,7,7,3,8,9
82,161,full_color,9,10,10,4,10,8
82,135,sepia,9,10,2,3,9,10
82,132,black_white,9,5,4,3,6,8
82,150,full_color,3,6,1,8,5,5
82,169,black_white,9,8,9,3,9,10
82,133,black_white,10,3,4,5,8,6
83,187,full_color,9,10,3,2,3,1
83,185,black_white,10,8,2,5,4,6
83,101,sepia,2,7,2,9,1,7
83,170,full_color,1,4,4,7,5,5
83,116,sepia,5,1,8,10,1,6
83,130,sepia,3,5,4,1,7,5
83,163,sepia,6,3,4,9,1,4
83,112,full_color,2,5,3,2,2,4
83,104,sepia,1,6,1,7,3,7
83,179,black_white,4,4,6,8,6,4
83,173,sepia,4,9,1,9,5,2
83,167,black_white,8,1,3,8,7,1
83,110,full_color,5,8,7,9,4,2
83,193,full_color,1,4,5,2,8,4
83,181,black_white,9,7,6,8,7,6
83,103,sepia,8,6,10,4,4,2
83,180,black_white,8,9,5,9,4,2
83,151,sepia,9,3,7,9,2,4
83,171,full_color,10,10,3,7,1,4
83,158,sepia,5,3,5,6,6,2
84,178,sepia,3,4,5,3,8,8
84,116,black_white,8,5,9,6,2,2
84,140,sepia,2,8,4,7,1,1
84,179,sepia,1,10,2,3,8,7
84,145,sepia,7,7,9,2,2,7
84,111,black_white,8,10,2,8,1,8
84,160,sepia,5,1,4,3,3,8
84,127,full_color,5,8,8,4,5,4
84,131,sepia,1,5,1,8,5,1
84,112,black_white,5,9,8,7,8,5
84,117,full_color,9,10,3,10,6,8
84,145,black_white,7,5,4,5,5,3
84,107,full_color,10,10,2,8,4,5
84,195,black_white,2,1,3,9,7,1
84,198,full_color,7,10,7,8,1,1
84,153,black_white,3,9,5,2,5,1
84,146,sepia,4,5,9,10,7,1
84,193,full_color,3,6,3,5,3,5
84,131,sepia,9,9,5,8,1,2
84,114,full_color,6,9,9,3,5,4
85,120,black_white,7,7,2,9,3,7
85,179,full_color,4,7,1,2,6,3
85,196,sepia,5,1,10,2,8,8
85,148,black_white,8,3,4,7,1,4
85,122,full_color,6,9,8,1,6,8
85,191,sepia,1,4,4,4,1,3
85,114,full_color,3,6,5,2,1,1
85,143,black_white,6,7,10,10,1,1
85,178,full_color,1,4,9,9,1,2
85,106,black_white,9,4,6,4,1,8
85,150,full_color,8,10,8,6,1,4
85,144,black_white,10,3,4,9,4,1
85,102,black_white,10,4,5,1,3,1
85,169,sepia,8,8,4,5,3,7
85,140,full_color,3,6,7,6,4,1
85,133,full_color,5,8,1,3,1,1
85,103,black_white,2,2,5,9,1,2
85,112,sepia,1,6,1,4,6,3
85,105,full_color,3,6,3,3,7,3
85,120,full_color,1,4,10,10,4,1
86,112,sepia,7,7,8,6,3,1
86,153,black_white,7,4,9,9,1,7
86,156,sepia,8,3,1,6,1,7
86,199,sepia,1,9,2,7,4,1
86,106,full_color,9,10,9,6,3,1
86,113,full_color,9,10,7,3,6,1
86,150,sepia,2,5,6,7,1,1
86,176,full_color,1,4,6,10,1,2
86,142,sepia,9,7,2,10,7,1
86,142,black_white,7,1,5,10,2,1
86,170,black_white,2,10,6,4,6,8
86,110,sepia,9,1,7,7,5,3
86,185,sepia,2,1,5,5,8,8
86,146,sepia,10,6,7,9,4,1
86,102,full_color,10,10,2,9,5,1
86,147,black_white,10,9,1,2,5,1
86,102,sepia,1,1,5,8,6,8
86,129,black_white,10,9,3,9,6,1
86,182,sepia,3,1,5,2,2,3
86,142,sepia,2,3,4,7,1,1
87,140,black_white,4,8,8,3,5,5
87,184,black_white,3,4,6,8,1,2
87,174,black_white,1,7,3,4,3,1
87,196,black_white,4,9,6,9,1,1
87,115,full_color,10,10,6,8,7,1
87,171,black_white,2,3,8,7,1,1
87,114,full_color,4,7,4,9,3,2
87,191,black_white,10,10,8,8,2,5
87,172,sepia,8,5,3,6,7,1
87,197,sepia,2,4,4,2,1,1
87,124,sepia,1,3,7,9,1,3
87,188,sepia,10,10,2,10,1,1
87,178,black_white,7,3,1,5,1,1
87,157,full_color,8,10,1,7,8,4
87,114,black_white,2,8,8,10,5,3
87,140,black_white,5,2,7,2,7,2
87,146,full_color,9,10,6,10,8,8
87,170,black_white,8,8,9,2,1,3
87,143,full_color,3,6,5,4,6,5
87,168,full_color,6,9,3,8,5,4
88,172,full_color,1,4,4,4,1,1
88,194,full_color,4,7,6,1,1,6
88,129,full_color,7,10,4,1,4,5
88,148,black_white,9,9,4,1,2,8
88,187,black_white,5,9,2,3,7,1
88,101,full_color,10,10,10,6,1,3
88,169,sepia,8,2,8,6,3,1
88,176,sepia,9,3,8,7,1,6
88,158,full_color,5,8,2,5,1,4
88,118,black_white,2,5,4,1,1,1
88,117,full_color,2,5,6,8,7,1
88,132,black_white,7,3,9,2,1,2
88,152,full_color,7,10,1,10,2,5
88,177,sepia,1,2,8,7,5,8
88,111,sepia,8,4,2,7,3,2
88,119,sepia,8,3,3,7,3,8
88,199,full_color,5,8,8,5,3,2
88,176,sepia,4,4,4,10,1,2
88,159,sepia,5,4,10,2,1,6
88,140,sepia,9,9,4,2,1,4
89,107,sepia,6,2,3,5,6,4
89,169,full_color,8,10,4,3,6,10
89,142,black_white,1,10,3,8,9,6
89,179,sepia,7,1,8,5,9,10
89,120,full_color,8,10,9,8,4,7
89,128,black_white,5,6,4,7,7,7
89,145,black_white,5,9,10,3,9,10
89,124,black_white,5,1,1,4,9,10
89,181,full_color,10,10,7,10,10,5
89,171,sepia,9,6,5,5,6,7
89,127,full_color,3,6,1,10,10,7
89,145,full_color,10,10,3,2,7,7
89,172,black_white,7,6,5,5,10,4
89,128,black_white,7,6,7,5,9,10
89,163,full_color,8,10,6,1,9,4
89,198,black_white,7,4,1,7,9,10
89,114,full_color,5,8,6,4,10,10
89,155,sepia,8,8,8,3,10,10
89,155,full_color,6,9,3,3,8,9
89,147,sepia,3,4,6,7,10,8
90,134,black_white,1,3,10,7,3,4
90,135,black_white,4,2,5,1,8,8
90,121,black_white,2,2,9,7,4,4
90,162,black_white,1,1,9,2,6,1
90,106,black_white,7,3,9,4,7,1
90,152,black_white,5,4,7,2,8,2
90,157,black_white,3,7,8,3,1,4
90,126,black_white,1,10,4,8,1,7
90,186,full_color,6,9,7,4,1,4
90,149,black_white,8,6,7,6,3,1
90,138,black_white,5,3,8,7,1,2
90,152,sepia,10,9,5,6,1,4
90,133,full_color,6,9,1,2,7,7
90,174,black_white,4,9,4,8,1,4
90,173,sepia,1,5,3,2,1,7
90,163,full_color,2,5,2,2,3,1
90,129,sepia,2,10,2,7,6,6
90,141,full_color,1,4,10,6,1,2
90,138,full_color,10,10,5,8,1,2
90,177,full_color,5,8,8,6,1,1
91,146,full_color,2,5,2,7,7,8
91,151,black_white,8,1,10,9,8,3
91,108,full_color,8,10,2,8,1,4
91,170,sepia,8,8,2,4,8,6
91,122,full_color,1,4,1,4,6,1
91,195,full_color,8,10,4,7,7,6
91,151,black_white,8,9,7,6,7,1
91,115,sepia,2,2,7,10,1,5
91,186,black_white,10,7,2,7,5,3
91,138,sepia,1,5,7,9,7,5
91,171,black_white,7,5,7,9,8,4
91,108,black_white,9,4,1,8,1,3
91,120,full_color,9,10,7,5,1,1
91,195,full_color,3,6,2,9,1,3
91,158,black_white,9,8,5,6,1,5
91,171,full_color,8,10,7,10,4,2
91,113,black_white,9,9,7,4,1,2
91,173,black_white,7,6,3,6,8,6
91,106,full_color,7,10,7,10,1,1
91,170,sepia,10,2,7,4,4,5
92,117,sepia,2,2,8,7,1,3
92,127,sepia,10,1,3,6,6,3
92,189,full_color,6,9,10,3,4,7
92,103,sepia,2,9,5,8,3,1
92,191,sepia,3,4,3,4,1,1
92,116,full_color,2,5,9,5,1,6
92,167,full_color,8,10,6,4,3,1
92,108,sepia,7,2,3,5,4,6
92,163,full_color,10,10,6,4,6,1
92,107,full_color,1,4,6,7,1,1
92,124,black_white,7,10,6,5,5,7
92,138,full_color,4,7,6,2,5,1
92,170,black_white,6,2,5,4,5,4
92,184,full_color,5,8,9,3,3,6
92,125,full_color,3,6,7,1,1,5
92,116,sepia,3,7,7,1,5,1
92,112,black_white,8,10,6,7,1,7
92,108,full_color,8,10,6,3,6,4
92,111,full_color,7,10,10,6,5,3
92,137,sepia,2,1,8,2,1,1
93,145,sepia,1,6,8,2,3,1
93,119,full_color,8,10,7,4,4,2
93,146,black_white,4,4,10,5,6,7
93,188,black_white,1,7,2,9,3,3
93,197,black_white,10,8,8,5,8,1
93,163,sepia,2,2,1,8,5,6
93,140,full_color,8,10,5,5,3,1
93,164,full_color,4,7,7,7,7,6
93,104,sepia,4,4,8,3,1,7
93,173,black_white,5,10,10,5,5,6
93,199,full_color,8,10,9,8,2,1
93,198,full_color,6,9,7,3,2,8
93,149,sepia,3,1,3,1,1,5
93,115,full_color,6,9,5,7,1,1
93,117,full_color,1,4,10,8,2,6
93,155,sepia,2,9,7,3,1,1
93,182,black_white,10,4,2,4,3,4
93,186,black_white,8,7,3,2,5,8
93,122,black_white,8,4,7,10,3,1
93,154,sepia,8,8,1,3,3,1
94,117,full_color,4,7,6,5,5,3
94,163,sepia,3,9,7,10,4,8
94,114,black_white,5,9,1,7,7,4
94,135,black_white,5,10,8,2,2,1
94,172,black_white,7,10,10,3,8,1
94,105,sepia,7,8,4,6,7,5
94,193,black_white,3,4,8,1,4,7
94,150,full_color,7,10,7,8,3,7
94,130,black_white,8,10,9,1,1,8
94,181,sepia,4,3,1,8,1,4
94,159,full_color,7,10,9,10,2,6
94,118,sepia,7,4,9,4,1,2
94,119,sepia,2,8,6,8,2,3
94,141,full_color,9,10,2,3,1,7
94,171,sepia,5,4,5,7,3,1
94,162,black_white,3,1,2,9,5,8
94,157,black_white,10,3,3,6,4,2
94,144,full_color,1,4,1,9,4,1
94,187,full_color,2,5,6,1,7,5
94,194,sepia,4,6,6,5,2,1
95,133,sepia,3,3,6,6,10,10
95,125,sepia,9,2,4,1,10,5
95,155,black_white,3,5,6,6,6,6
95,187,black_white,2,1,1,9,10,10
95,165,sepia,4,2,2,10,6,8
95,191,black_white,1,10,9,8,4,8
95,107,full_color,8,10,4,5,4,10
95,157,full_color,4,7,6,4,10,5
95,103,sepia,9,5,2,6,6,10
95,149,sepia,6,5,8,2,8,6
95,124,full_color,7,10,1,6,10,7
95,112,black_white,10,8,4,4,10,10
95,135,full_color,10,10,2,2,5,7
95,104,black_white,1,10,3,10,8,10
95,167,sepia,10,7,4,6,10,5
95,194,full_color,3,6,6,8,7,10
95,112,full_color,2,5,3,5,5,7
95,196,full_color,6,9,2,1,10,10
95,180,black_white,4,7,9,8,5,4
95,109,black_white,8,1,3,4,6,10
96,185,full_color,1,4,4,3,6,1
96,107,full_color,6,9,7,1,4,3
96,136,sepia,9,2,4,6,7,3
96,146,full_color,1,4,4,1,7,1
96,189,black_white,1,5,3,3,3,1
96,183,black_white,5,3,8,7,3,4
96,104,full_color,10,10,7,3,1,6
96,191,sepia,10,5,3,2,4,2
96,130,full_color,10,10,3,6,1,1
96,108,full_color,7,10,7,9,2,4
96,102,black_white,2,9,5,9,4,3
96,133,full_color,9,10,2,8,8,8
96,128,sepia,8,9,10,9,1,3
96,115,sepia,8,7,9,3,1,1
96,130,black_white,2,6,2,6,8,1
96,187,sepia,4,6,10,8,2,4
96,180,black_white,4,10,10,2,7,6
96,101,sepia,3,9,7,1,8,3
96,144,full_color,9,10,3,7,1,7
96,102,sepia,9,10,9,2,5,3
97,110,black_white,2,4,3,3,1,1
97,109,full_color,8,10,6,10,4,6
97,178,black_white,7,6,6,6,1,1
97,169,sepia,4,4,7,5,3,1
97,160,full_color,4,7,8,3,4,4
97,105,black_white,7,3,9,8,7,8
97,158,full_color,8,10,8,5,5,7
97,198,sepia,4,2,4,4,5,4
97,104,black_white,6,2,7,3,5,7
97,181,full_color,8,10,9,8,7,6
97,150,sepia,8,5,5,5,1,5
97,154,sepia,9,8,1,2,3,1
97,155,full_color,6,9,8,1,1,6
97,188,full_color,9,10,3,8,4,1
97,181,full_color,10,10,1,2,5,8
97,184,black_white,1,7,6,3,3,2
97,174,full_color,1,4,5,2,1,1
97,104,full_color,4,7,4,5,2,7
97,154,black_white,6,6,4,6,1,1
97,186,sepia,7,2,1,1,5,2
98,165,black_white,4,1,5,1,5,10
98,108,sepia,9,1,5,1,8,5
98,123,black_white,5,10,8,7,10,5
98,144,full_color,4,7,8,9,8,4
98,113,full_color,6,9,5,2,10,10
98,178,sepia,3,8,8,1,8,5
98,150,sepia,1,10,3,4,10,6
98,139,sepia,9,9,8,10,7,4
98,120,sepia,2,7,1,5,7,10
98,190,black_white,8,8,4,5,10,7
98,160,full_color,1,4,7,5,10,7
98,153,full_color,9,10,6,7,4,4
98,111,full_color,1,4,1,1,10,8
98,129,full_color,4,7,8,9,8,10
98,153,sepia,1,4,9,1,10,7
98,183,full_color,7,10,1,1,7,10
98,189,black_white,6,7,4,9,4,10
98,125,full_color,7,10,1,9,6,10
98,120,sepia,1,7,4,8,10,9
98,179,sepia,4,9,4,10,10,5
99,102,black_white,9,7,7,1,6,5
99,118,black_white,3,5,1,1,7,8
99,192,sepia,9,6,9,3,10,8
99,173,sepia,6,5,8,10,9,10
99,133,full_color,3,6,8,9,6,10
99,190,sepia,3,7,9,7,5,10
99,137,full_color,2,5,6,5,4,10
99,107,full_color,5,8,2,9,10,4
99,187,full_color,1,4,9,1,9,10
99,193,full_color,1,4,9,4,6,10
99,106,black_white,5,9,5,3,7,10
99,132,full_color,3,6,10,8,10,4
99,122,full_color,8,10,10,10,10,7
99,190,black_white,5,2,3,8,5,10
99,175,sepia,3,2,2,1,4,7
99,182,full_color,10,10,10,9,8,8
99,140,full_color,1,4,2,1,10,9
99,175,sepia,10,3,7,5,7,7
99,145,full_color,10,10,5,1,4,5
99,161,sepia,5,10,8,5,5,10
100,184,full_color,4,7,1,4,3,2
100,165,black_white,6,10,10,5,1,8
100,171,sepia,9,1,5,4,1,4
100,114,black_white,6,5,10,9,5,8
100,173,black_white,6,7,9,3,7,3
100,167,full_color,7,10,5,1,1,7
100,117,sepia,9,1,1,2,1,7
100,111,sepia,3,6,9,3,4,8
100,160,sepia,10,6,5,4,5,4
100,181,black_white,9,4,4,4,5,8
100,166,full_color,2,5,2,6,5,4
100,157,full_color,6,9,7,5,5,1
100,139,sepia,2,8,9,2,1,2
100,155,sepia,2,1,4,1,5,5
100,198,full_color,10,10,2,4,6,2
100,182,sepia,9,5,2,8,3,2
100,145,sepia,4,5,5,6,1,6
100,182,sepia,8,2,6,5,7,1
100,152,black_white,3,7,10,6,5,8
100,148,full_color,3,6,6,6,3,1
